Cust_ID,Customer,Dist_Code,PC #,State,Rep,MINI,APEX,C-MOUNT,Accessories,Tools,Bolts,Screws,Unknown
2630,Energy Solut,5,0,NJ,RyanW,136616,9986,5180,5945,,10420,355633,
2634,Bethlehem 23,5,0,PA,RyanW,18831,,,,,571,76614,
1745,Freedom Solar Power,1,236,TX,Genki,14721,,,,,4986,15654,
82,American Design & Build Ltd,1,9106,MD,RyanW,14160,,,,,8050,47900,
2626,Linden 02,5,0,NJ,RyanW,8940,544,,,,30,19500,
2397,Integratesun,1,3273,TX,Genki,8695,,,,,53,15648,
2219,Fusion Solar Energy Llc (Sunno,3,0,NJ,RyanW,8680,,,,,,,
63,Sundog Solar,1,4422,ME,RyanW,8540,,,,,530,27400,
1105,Freedom Solar Power,1,1132,FL,RyanW,6688,,,,,7073,19983,
94,Solarlogix,1,4422,ME,RyanW,6273,,,352,,262,19360,
2137,The Green Panel,2,0,MI,Guy,5900,,,4500,,2000,,
2685,All Energy Solar,1,4664,MN,Guy,5700,,,,,2300,25100,
66,A.m.sun Solar Inc,1,7605,CA,Genki,5400,,,,,,500,
1929,Prosolar Group Llc,1,5621,FL,RyanW,4920,,,,,,2320,
1999,Power Energy Solutions,3,0,NJ,RyanW,4880,,,,,300,,
153,Empire Solar Solutions,1,1670,NY,RyanW,4740,,,,,,14170,
2752,4205222 Momentum Solar Llc,6,0,FL,RyanW,4720,,,,,,9000,
1430,Mad Energy Nw Llc,1,8064,WA,Genki,4280,,29,430,,3140,6700,
1163,"Meraki Installers, Llc",1,5621,FL,RyanW,4186,,,,,600,12000,
51,"Ailey Solar Electric, Inc.",1,1045,IL,Guy,3980,,,,,1000,17200,
1307,Rdx Power Llc,1,8756,AZ,Genki,3976,,,,,140,22016,
883,Bright Planet Solar,1,4950,IL,Guy,3955,,,,,,11078,
1525,Diamond Solar,1,5621,FL,RyanW,3800,,,,,2840,13700,
1846,Tge Solar,1,1154,OH,Guy,3574,,,,,2123,244,
1616,Infinity Solar/Tml,1,5971,OR,Genki,3360,,,150,,,6760,
1580,Green Light Solar,1,3273,TX,Genki,3220,,,,,320,5130,
1786,Sbs Solar Inc,1,4639,MT,Genki,3200,,220,,,2840,8500,
2642,Stoneway Electric Supply Co.,2,0,WA,Genki,3200,,,7000,,,,
190,Cod Sales,1,236,TX,Genki,3129,,,,,20,7710,
343,Lunex Power Inc,1,8018,FL,RyanW,3090,,,,,898,2584,
2061,American Design & Build Ltd,1,9106,PA,RyanW,3040,,,,,1400,6000,
2017,Superior Solar Design Llc,3,0,PA,RyanW,2900,,,,,,,
1800,Nitro Dba Revolt,1,5944,WV,RyanW,2690,,,,,2606,,
1077,Phase Out Electric,1,224,MA,RyanW,2600,,,,,40,7820,
246,Bright Home Solar Dba Florida ,1,8018,FL,RyanW,2423,,,,,100,2100,
2392,603 Solar,1,4991,NH,RyanW,2305,,,,,1290,1300,
2962,Solar Energy Group Hub,1,9106,MD,RyanW,2217,,,,,,7800,
835,Phase Out Electric,1,4984,CT,RyanW,2180,,,,,,6600,
1949,Tml International,1,8064,WA,Genki,2150,,,,,60,3560,
2516,Empower Solar*,4,0,NY,RyanW,2040,,,,,,7800,
76,"American Energy Care, Inc.",1,120,NY,RyanW,2000,,,,,,7310,
2207,Mann Solar,2,0,KY,Guy,1960,,,2000,,,,
2029,Smuckers Enterprises,3,0,PA,RyanW,1900,,,,,,,
2140,Skyline Solar - Nj/Ma/Ct,2,0,NJ,RyanW,1820,140,,,,,,
2664,Invaleon Technologies Corp.,1,4422,MA,RyanW,1800,,,200,,,500,
750,American Solar Repair,1,9106,MD,RyanW,1795,13438,,,,1940,7188,
937,Sunpower Corporation,1,4950,IL,Guy,1760,,,,,,1000,
2524,Coastal Solar Mv,4,0,MA,RyanW,1740,,6,,,1800,900,
114,Hudson River Solar,1,120,NY,RyanW,1671,,,,,45,4327,
2006,Exact Energy Partners Dba Exac,3,0,PA,RyanW,1620,2012,,,,,,
1490,Current Home,1,5621,FL,RyanW,1616,,,,,,2900,
2411,Stework Llc,1,5621,FL,RyanW,1604,,,,,300,600,
1163,"Meraki Installers, Llc",1,5888,FL,RyanW,1600,,,,,1020,1920,
380,Mirasol Fafco Solar Inc.,1,8018,FL,RyanW,1580,,,,,1180,1580,
1988,Over The Top Solar,3,0,NJ,RyanW,1560,,160,,,,,
128,Luz Energy Corporation,1,148,NM,Genki,1560,,,,,,1200,
201,Synergy Solar,1,5621,FL,RyanW,1520,,,,,1080,2200,
2134,Crescent Electric Supply,2,0,IL,Guy,1500,,,10000,,4000,,
2407,Syngulf Energy,1,3273,TX,Genki,1443,,,,,,3558,
2551,Pacific Sky Solar,1,1024,CA,Genki,1435,,,,,60,2730,
1341,True Texas Solar,1,3273,TX,Genki,1392,,,,,160,3606,
2751,4988488 Marcor Solar Inc,6,0,NY,RyanW,1380,2970,,,,800,3300,
35,Green Hybrid Energy Solutions,1,1670,NY,RyanW,1380,,,,,,4240,
1963,Level Construction & Roofing L,1,5621,FL,RyanW,1377,,,,,,3700,
2902,Sunation Solar Systems Inc,4,0,NY,RyanW,1340,,,,,1500,2300,
2782,Empower Solar,4,0,NY,RyanW,1300,,,,,,3300,
125,Cleantap Energy,1,4422,ME,RyanW,1292,,,,,,2500,
286,Integrity Solar,1,1670,NY,RyanW,1261,,,,,,3260,
2746,Future Energy Solar,4,0,MA,RyanW,1260,,,,,1400,3300,
355,Skyline Solar Llc,1,4431,MA,RyanW,1220,,,,,502,100,
2270,East Coast Metal Roofing,2,0,MA,RyanW,1200,,,1000,,1200,,
2898,Abc Supply Co. Inc.,2,0,WI,Guy,1200,,,,,,,
1723,Palmetto Clean Technology,1,5944,PA,RyanW,1180,,1060,,,1500,2000,
71,Green Hybrid Energy Solutions,1,1670,CT,RyanW,1180,,,,,,3960,
2580,Solar Energy World Llc,1,8018,FL,RyanW,1150,,,,,,4200,
2426,"Meraki Installers, Llc",1,148,NM,Genki,1130,,,,,500,2420,
37,Greenlight Solar - Tx,1,236,TX,Genki,1110,,,,,370,900,
1803,Lgcy Power,1,5621,FL,RyanW,1100,,,,,,5000,
343,Lunex Power Inc,1,8618,FL,RyanW,1057,,,,,640,840,
1468,Dba Omicron Solutions,1,1987,TX,Genki,1050,,,,,,15100,
2977,Lgcy Power,1,4950,IL,Guy,1049,,,,,,2512,
2407,Syngulf Energy,1,237,TX,Genki,1045,,,,,,448,
2573,Sungreen Systems Inc,1,7133,CA,Genki,1020,,,,,,1860,
259,Northeast Solar Dba Revoluson,1,224,MA,RyanW,1020,,,,,100,,
1773,Palmetto Clean Technology,1,5621,FL,RyanW,1010,,,,,50,2200,
2714,Nrg Clean Power Inc.,1,7492,CA,Genki,1002,,,,,46,,
1989,Solar Solutions Of Missouri Ll,3,0,MO,Guy,1000,,,,,,,
587,"Paradise Energy Solutions, Llc",1,8460,PA,RyanW,1000,,,200,,,4400,
2388,Solar Landscape,1,4598,MD,RyanW,995,,,,,2,267,
730,"Fresh Coast Solar, Llc",1,4950,IL,Guy,930,,,,,,300,
2623,Ocean,5,0,NJ,RyanW,920,,,,,,400,
2749,7097 Voltaic Solaire Llc,6,0,NJ,RyanW,920,,,,,,400,
1436,Nrg Clean Power Inc,1,1024,CA,Genki,915,,,,,,534,
2107,Universal Electric Pnw Llc,1,8064,WA,Genki,900,,,,,1030,2590,
2024,Robinhood Solar Dba Ethical En,3,0,PA,RyanW,900,,,,,100,,
1998,Velocity Energy & Home Solutio,3,0,NJ,RyanW,900,,,,,,,
577,J4 Energy Llc,1,4991,NH,RyanW,882,,,,,140,2428,
2756,Todel Construction (My State E,1,4560,FL,RyanW,876,,,,,,1510,
112,Devlin Contracting & Maintenan,1,224,MA,RyanW,860,,,,,,2900,
1560,Evolution Power,1,4560,FL,RyanW,860,,,,,,1096,
2370,Greenway Solar,1,4664,MN,Guy,850,443,,,,420,1700,
2252,Gs Renewable Solutions,1,236,TX,Genki,840,,,,,,,
269,Codsales,1,5621,FL,RyanW,838,,,,,693,890,
1420,"Boss Energy, Llc.",1,1132,SC,RyanW,820,,,,,60,1560,
2013,Ce Team Inc,3,0,NJ,RyanW,820,,,,,100,,
2042,Radiant Energy & Solar,1,5621,FL,RyanW,820,,,,,,,
469,Green Brilliance,1,9106,MD,RyanW,812,,,,,,200,
988,"Positivesynergyllc,Dba Havasu ",1,4090,AZ,Genki,800,,2700,,,500,600,
515,Innovative Solar,1,8018,FL,RyanW,800,,,,,640,2200,
173,Sunblue Energy,1,1670,NY,RyanW,800,,,,,20,2120,
2748,82047 Jordan Solar,6,0,MT,Genki,800,,,,,,,
2858,Smedouts Services,1,5621,FL,RyanW,800,,,,,100,600,
2374,Powerfin Texas Solar Projects ,1,236,TX,Genki,796,,,,,70,1560,
1737,Freedom Solar Power,1,1132,NC,RyanW,787,,,,,1300,670,
1705,Solar Tek Energy Of Austin,1,236,TX,Genki,780,,,,,200,280,
1820,D&D Solar,1,4979,IL,Guy,780,,,,,500,3200,
2146,Florida Solar Products Inc,2,0,FL,RyanW,740,,,1300,,1400,,
1288,Xero Solar,1,7133,CA,Genki,725,,830,,,1156,1590,1
2693,Sweetwater Energy Services,1,3273,TX,Genki,725,,,,,100,540,
1948,Sun Up Solar,1,4422,ME,RyanW,700,,,,,320,2840,
1445,"Meraki Installers, Llc",1,1987,TX,Genki,696,,,,,25,1000,
1046,Synergy Power,1,5040,CA,Genki,691,,,,,240,160,
2686,Affordable Solar Roof Air,1,8018,FL,RyanW,682,,,,,,2600,
98,Tempo Electric,1,4090,NV,Genki,680,,,,,,,
1528,Infinity Solar,1,148,NM,Genki,680,,,,,100,1200,
2680,Bright Home Solutions,4,0,MA,RyanW,680,,,,,400,200,
2708,R L Solar Service,3,0,NJ,RyanW,680,,,,,,,
483,Expert Inc,1,8618,FL,RyanW,663,,,,,242,603,
206,Ion Solar Pros,1,4984,CT,RyanW,660,,,,,80,1280,
495,Cod Account,1,6435,CA,Genki,643,,,,,20,994,
3078,4205963 Western Florida Rgo : ,6,0,TX,Genki,640,,,,,,,
1689,Smart Energy - Shop Acct,1,4391,TX,Genki,632,,,,,76,,
962,Empower Energy Solutions,1,4991,NH,RyanW,630,,,,,100,2200,
2141,Exact Energy Partners Llc,2,0,PA,RyanW,620,688,,4000,,400,,
2539,Sunlift Solar Llc,1,8618,FL,RyanW,620,,,,,135,80,
2408,Syngulf Energy - Shop,1,4391,TX,Genki,611,,,,,136,,
190,Cod Sales,1,4391,TX,Genki,609,,4,,,,,
2977,Lgcy Power,1,1045,IL,Guy,605,,,,,,1100,
1210,Critical Mass Solar,1,224,MA,RyanW,601,,,,,,1400,
2442,"Cod-Integrate Sun, Llc",1,8756,AZ,Genki,600,,,,,,720,
1465,Trinity Solar,1,4984,NJ,RyanW,600,,,,,,,
2612,All Energy Solar,1,224,MA,RyanW,600,,,,,,2000,
2783,Direct Solar Llc,1,4090,NV,Genki,600,,,,,,,
216,Great Sky,1,224,MA,RyanW,595,,,,,580,820,
2388,Solar Landscape,1,9106,MD,RyanW,595,,,,,,1340,
2583,Scs Energy Llc,1,5621,FL,RyanW,591,,,,,,,
2776,Integratesun,1,5944,MD,RyanW,585,,,,,,1070,
2947,Castle Energy,3,0,PA,RyanW,580,,,,,,,
2565,Commercial Solutions - Mid-Atl,1,5887,NJ,RyanW,579,,,,,,33,
2434,International,1,4560,FL,RyanW,572,,,,,,2439,
442,Cod Sales,1,4984,CT,RyanW,569,,,,,,620,
2470,Summit Solar Solutions Llc,4,0,MA,RyanW,560,,3,,,600,4500,
31,"Ensolar Usa, Llc",1,8618,FL,RyanW,560,,,208,,40,,
1574,Savkat,1,4984,CT,RyanW,560,,,,,20,1912,
2419,Rise Solutions,3,0,NJ,RyanW,560,,,,,,,
1714,The Solar Exchange,1,8756,AZ,Genki,560,,,,,,,
1409,Solar Energy World Llc,1,9106,MD,RyanW,560,,,,,,2000,
198,Onsite Energy,1,821,MT,Genki,560,,,,,,1700,
1744,Freedom Solar Power,1,1875,CO,Genki,559,,,,,8600,32760,
416,All Energy,1,4664,MN,Guy,540,,,,,40,120,
1979,Central Homes Solar,1,5621,FL,RyanW,540,,,,,,300,
2019,Hammer & Bell Co,3,0,PA,RyanW,540,,,,,,,
2150,Empowered Energy Systems,2,0,CO,Genki,540,,,,,200,,
1286,Smart Solar Of Southern Califo,1,7133,CA,Genki,536,,,,,,838,
2569,All Energy Solar,1,4407,WI,Guy,535,,,,,135,1325,
2694,Sunlink Energy,1,8756,AZ,Genki,527,,,,,100,942,
2514,Emt Renewables Llc *,4,0,NJ,RyanW,520,70953,170,,,708,46400,
1473,Dba Southwest Energy,1,1987,TX,Genki,520,,,,,40,5400,
2224,Infinity Solar,1,704,OR,Genki,520,,,,,,1000,
1947,Palmetto Clean Technology,1,1132,NC,RyanW,517,,,,,768,2860,
1918,Fastrac,1,3273,TX,Genki,510,,,,,,608,
26,American Energy And Constructi,1,5621,FL,RyanW,509,,,,,100,900,
2211,Solar Gain Inc.,1,8808,CA,Genki,500,,,,,,1040,
2456,Venture Home Solar Llc*,4,0,ME,RyanW,500,,,,,,200,
1901,Greenlight Solar,1,236,TX,Genki,500,,,,,,590,
2819,Lumio Hx Inc,1,5364,OK,Guy,490,,,,,,,
1175,Green Power Energy,1,8460,CT,RyanW,485,,,,,270,2290,
438,Cod Only,1,9106,MD,RyanW,484,225,,,,70,590,
1602,Cod Accounts,1,1024,CA,Genki,484,,,,,12,1678,
1372,"Nexus Energy Systems, Llc",1,6408,VA,RyanW,480,,,,,160,,
255,Insight Ventures Llc,1,224,MA,RyanW,480,,,,,200,1900,
1767,Sunpower Corporation,1,4984,NJ,RyanW,480,,,,,,,
344,Next Door Home Upgrades,1,1024,CA,Genki,480,,,,,,1500,
2529,Bright Planet Solar,4,0,MA,RyanW,480,,,,,,1500,
2735,Capstone Solutions,1,8064,WA,Genki,480,,,,,80,1288,
2906,Pennsauken,5,0,NJ,RyanW,480,,,,,,,
50,8m Solar,1,6058,NC,RyanW,479,,,,,,2332,
83,Cod Sales,1,8618,FL,RyanW,470,,,,,160,1290,
190,Cod Sales,1,239,TX,Genki,461,16,,80,,281,1255,
2511,"Fullers Energy, Llc",4,0,MA,RyanW,460,,,,,300,100,
279,Quest Solar -Quest Home Improv,1,1670,NY,RyanW,450,,,,,130,2170,
687,Solar Specialist Inc,1,5621,FL,RyanW,450,,,,,,300,
2667,Innovative Solar Nature Coast,1,8018,FL,RyanW,440,,,,,,1200,
2717,Homeland Solar,1,960,MI,Guy,440,,,,,,1760,
2792,Better Earth Electric Inc,1,4391,CA,Genki,438,,,,,,,
133,Sunlight Enterprises Inc,1,5621,FL,RyanW,429,,,,,10,1090,
1820,D&D Solar,1,6640,IL,Guy,420,,,,,500,2000,
2555,Laguna Hills - Ced,1,7133,CA,Genki,420,,,,,,120,
2675,Es Solar Llc,1,5951,ID,Genki,420,,,,,440,1000,
1745,Freedom Solar Power,1,768,TX,Genki,420,,,,,,,
3042,[Cod] Integrate Sun,1,6408,MD,RyanW,420,,,,,,,
2710,Power Pro Solutions Llc,1,1987,TX,Genki,414,,,,,,,
2971,Onsite Energy Inc,1,1670,NJ,RyanW,410,,,,,90,1190,
190,Cod Sales,1,3273,TX,Genki,408,,,,,,122,
1921,Complete Solar,1,6435,CA,Genki,401,,,,,,620,530
354,Renu Energy Solutions,1,6058,NC,RyanW,400,,,,,,,
2133,Strawberry Solar,2,0,MI,Guy,400,,,500,,500,,
2750,6058 Harness The Sun Llc,6,0,CT,RyanW,400,,,,,600,1500,
2844,81919 Smuckers Sales & Service,6,0,PA,RyanW,400,,,,,,,
36,Green Solutions Of Fl,1,5621,FL,RyanW,396,,,,,56,400,
894,Emerald Energy,1,6058,NC,RyanW,395,,,,,,1025,
1560,Evolution Power,1,5621,FL,RyanW,390,,,,,200,1064,
406,Sun Up Solar,1,4991,NH,RyanW,380,,60,,,240,1020,
1577,Tge Solar,1,8187,WA,Genki,380,,,,,292,1700,
3118,80543 The Powerstore Ltd,6,0,TX,Genki,380,,,,,,,
2666,Integrate Sun Llc,1,1132,GA,RyanW,379,,,,,,782,
1739,Nrg Clean Power,1,7492,CA,Genki,378,,,,,120,,
1901,Greenlight Solar,1,3273,TX,Genki,370,,,,,,,
83,Cod Sales,1,8018,FL,RyanW,367,,,,,100,320,
3005,Simplicity Power Llc,1,237,TX,Genki,365,,,,,,670,
1802,Evolution Power Llc,1,8618,FL,RyanW,360,,,,,,400,
2560,Gaf Energy Llc,1,5621,FL,RyanW,360,,,,,,725,
1845,New Day Energy,1,4431,MA,RyanW,360,,,,,280,1480,
2531,Beacon Solar Constructio Inc*3,4,0,MA,RyanW,360,,,,,600,2000,
1794,Green Power Energy,1,236,TX,Genki,352,,,,,230,896,
183,Nathan Wood General Contractor,1,9185,HI,Genki,350,,,,,300,300,
1163,"Meraki Installers, Llc",1,4560,FL,RyanW,345,,,,,100,100,
15,Photon Brothers,1,1875,CO,Genki,344,,,,,300,4520,
1388,Georgia Solar Pros,1,5888,FL,RyanW,340,,,,,340,1360,
2367,Nova Direct Homes,1,236,TX,Genki,340,,,,,,,
2665,Integratesun,1,3273,NV,Genki,340,,,,,,342,
2707,Revolt Electric (Dba Solar Sho,1,311,CA,Genki,340,,,,,,320,
2692,Tge Solar,1,8187,ID,Genki,340,,,,,60,1200,
3094,Skyline Solar Llc,1,4984,CT,RyanW,340,,,,,,,
1163,"Meraki Installers, Llc",1,3395,FL,RyanW,335,,,,,700,800,
2208,Palmetto Clean Technology,1,1132,GA,RyanW,330,,,,,,815,
2691,The Solar Scouts,1,237,TX,Genki,330,,,,,,,
2992,Todel Construction-My State En,1,5621,FL,RyanW,324,,,,,,700,
2716,Integratesun,1,5944,PA,RyanW,323,,,,,,646,
714,Valley Solar Llc,1,224,MA,RyanW,320,,220,,,175,900,
171,Solar Source,1,8618,FL,RyanW,320,,,,,200,,
2810,Senergy Solar Cayman Ltd,1,4560,FL,RyanW,320,,,,,,1400,
2891,Cod-Detach And Reset Solar,1,8018,FL,RyanW,320,,,,,,1080,
3079,4205963 Western Florida Rgo : ,6,0,FL,RyanW,320,,,,,,,
18,Sunergy Solar Llc,1,8018,FL,RyanW,310,,,,,210,1390,
1792,"Solq, Llc",1,4407,WI,Guy,310,,,,,270,540,
2557,Homeowner/ 1 Time Sale,1,237,TX,Genki,305,55,,60,,24,1060,
2084,Revolution Energy Systems Inc,1,1045,IN,Guy,300,,,,,300,,
817,Professional Electrical Servic,1,5621,FL,RyanW,300,,,,,4,600,
1578,Cod-Global Solar Group,1,1987,TX,Genki,300,,,,,,1100,
1131,Cape Fear Solar Systems,1,6058,NC,RyanW,300,,,,,,650,
1733,Sunnova Energy Corporation,1,4431,MA,RyanW,300,,,,,300,500,
1408,Eequals,1,6640,MO,Guy,300,,,,,,80,
2589,Ny State Solar,3,0,NY,RyanW,300,,,,,600,,
562,Cod Sales,1,8801,WA,Genki,300,,,,,,300,
2483,Resne Inc*,4,0,RI,RyanW,300,,,,,300,200,
2808,Solar Medix Llc,3,0,NJ,RyanW,300,,,,,200,,
3044,"Sunrgy, Llc",2,0,TX,Genki,300,,,,,,,
3068,Ethical Energy Solar,3,0,PA,RyanW,300,,,,,,,
83,Cod Sales,1,4560,FL,RyanW,298,,,,,50,1100,
190,Cod Sales,1,1987,TX,Genki,295,,,,,,500,
11,Home Pro Solutions,1,1987,TX,Genki,293,,,,,,4000,
1633,Connectm Technology Services L,1,224,MA,RyanW,288,,,,,,100,
105,Solar Sme,1,236,MD,RyanW,285,,,,,35,340,
2871,Mirasol Solar Inc,1,8018,FL,RyanW,285,,,,,,1980,
1608,Ny Solar Maint / Amer Solar Re,1,5621,FL,RyanW,280,1673,,,,500,700,
1654,Mass Power Solutions,1,4431,MA,RyanW,280,,,,,180,100,
445,Shippee Solar & Construction,1,4984,CT,RyanW,280,,,,,,1020,
1163,"Meraki Installers, Llc",1,8018,FL,RyanW,280,,,,,,520,
2744,Sunnova Energy Corporation,4,0,NJ,RyanW,280,,,,,300,1200,
2775,Invaleon Technologies Corp*,4,0,MA,RyanW,280,,,,,300,100,
453,Lunex Power Inc,1,224,MA,RyanW,280,,,,,,5150,
3000,Solar Panther,1,5885,IL,Guy,280,,,,,40,40,
239,Circa Energy,1,9106,MD,RyanW,271,,,,,200,900,
2667,Innovative Solar Nature Coast,1,8618,FL,RyanW,270,,,,,60,900,
747,Nuwatt Energy,1,224,MA,RyanW,266,,,,,160,980,
2957,Valectric Llc,1,1987,TX,Genki,263,,,,,,400,
2151,Solar Energy Solutions,2,0,KY,Guy,260,,,100,,100,,
2674,Fal Solar Systems,3,0,NJ,RyanW,260,,,,,,,
1358,Cod Sales,1,4029,NM,Genki,260,,,,,,,
1773,Palmetto Clean Technology,1,8618,FL,RyanW,260,,,,,,1220,
2975,Lgcy Power,1,237,TX,Genki,260,,,,,,,
1893,Pv Maine,1,4422,ME,RyanW,254,,,,,,650,
81,Texas Solar Outfitters,1,3273,TX,Genki,251,,,,,,792,
1932,Greenlight Solar,1,1875,CO,Genki,247,,,,,330,5440,
2641,Sunstone Solar,1,8187,WA,Genki,244,,,,,,1050,
2554,Mona Lee Inc,1,5621,FL,RyanW,242,,,,,,480,
2443,Cod Solarface,1,8018,FL,RyanW,240,,,,,183,300,
2495,My Generation Energy,4,0,MA,RyanW,240,,,,,100,300,
2104,Lumio Hx Inc Shop Account,1,4391,TX,Genki,240,,,,,,,
2598,Energy Select Llc,2,0,MD,RyanW,240,,,,,,1000,
2089,Al & Jon Services,1,224,MA,RyanW,240,,,,,,100,
2383,Savkat,1,4991,NH,RyanW,240,,,,,,1000,
635,"Kapital Electric, Inc",1,4950,IL,Guy,240,,,,,,,
3008,Rhythm Solar Llc,3,0,NJ,RyanW,240,,,,,,,
3121,4204602 Forever Solar Inc Dba ,6,0,CA,Genki,240,,,,,,,
1905,Solar Energy Specialists Corp,1,5621,FL,RyanW,238,,,,,,,
771,Sun Dial Solar,1,4991,NH,RyanW,236,,,,,24,1190,
611,Moody Mountain Solar,1,4422,ME,RyanW,236,,,,,60,650,
2059,Sunwave,1,5621,FL,RyanW,235,,,,,160,5160,
3012,Lgcy Power,1,4391,UT,Genki,234,,,,,,,
2556,Howe Custom Home Builders,1,6435,CA,Genki,232,,,,,25,400,
131,Streamline Energy Llc,1,236,TX,Genki,230,,,,,130,300,
1158,Eequals,1,6640,IL,Guy,227,,,,,,240,
567,Cal Sun Electric & Solar Syste,1,7605,CA,Genki,225,,,,,65,600,
928,Solar Power Nw,1,8801,WA,Genki,220,673,,50,,312,401,
205,Empower Energy Solutions,1,224,MA,RyanW,220,,100,,,,1624,
185,Pm & M Elecric Dba Titan Solar,1,1987,TX,Genki,220,,,,,,,
2535,Venture Home Solar Llc*,4,0,CT,RyanW,220,,,,,,,
2538,Sunnova Retrofit,1,1987,TX,Genki,220,,,,,,,
2566,Commercial Solutions - Mid-Atl,1,9106,MD,RyanW,220,,,,,200,13000,
2770,New Jersey Clean Energy*3,4,0,NJ,RyanW,220,,,,,300,,
2523,Devlin Contracting & Maint Inc,4,0,MA,RyanW,220,,,,,300,500,
460,Henderson Electric,1,7605,CA,Genki,220,,,,,,,
2203,Sunny Side Solar Fl,1,5888,FL,RyanW,220,,,,,40,,
2873,J&C Energy Enterprise Llc,1,8018,FL,RyanW,215,,,,,,,
2631,Cranbury,5,0,NJ,RyanW,210,,,,,,200,
1117,Connected Energy Solar,1,5944,PA,RyanW,210,,,,,410,1490,
21,Unicity Solar Energy Llc,1,8018,FL,RyanW,205,,,,,53,1100,
2622,Phillipsb 24,5,0,NJ,RyanW,205,,,,,,820,
2651,Roi Construction Llc,1,9106,MD,RyanW,204,,,,,300,,
1304,Lumio Hx Inc.,1,8756,AZ,Genki,202,,,,,110,1300,
2205,Doherty  Services Llc,1,237,TX,Genki,202,,,,,,240,
1868,Green Power Energy,1,8460,NJ,RyanW,202,,,,,,500,
2021,New York Solar Maintenance,3,0,NY,RyanW,200,32,,,,300,,
1463,Silvermane Llc,1,224,MA,RyanW,200,,20,,,,100,
1460,Apex Energy Tek,1,120,NY,RyanW,200,,,,,,540,
1661,Skyline Solar,1,4984,CT,RyanW,200,,,,,,800,
2439,Detach And Reset Solar - Cod,1,8018,FL,RyanW,200,,,,,140,560,
963,Gensun,1,5887,NJ,RyanW,200,,,,,6,15,
33,Expert Inc.,1,8618,FL,RyanW,200,,,,,220,300,
193,Green House Solar & Air Inc,1,8018,FL,RyanW,200,,,,,125,800,
571,Suncor Solar Of Florida,1,8018,FL,RyanW,200,,,,,40,540,
1172,"Paradise Energy Solutions, Llc",1,8460,MD,RyanW,200,,,,,,800,
1142,Empower Energy Solutions,1,4984,CT,RyanW,200,,,,,,820,
1379,Helio Solar,1,4984,CT,RyanW,200,,,,,,660,
2644,Srk Investments,1,9106,MD,RyanW,200,,,,,,300,
2709,Prosolar Systems,2,0,FL,RyanW,200,,,,,,,
2469,Summit Solar Solutions Llc,4,0,NH,RyanW,200,,,,,300,300,
1436,Nrg Clean Power Inc,1,6552,CA,Genki,200,,,,,20,200,
2822,Im Sustainable,1,6640,MO,Guy,200,,,,,,,
2829,Freedom Solar Power,1,1132,SC,RyanW,200,,,,,,,
207,Isaksen Solar,1,224,MA,RyanW,200,,,,,,500,
2098,Connectm,1,4560,FL,RyanW,200,,,,,,400,
2955,1655 Exact Energy Partners Llc,6,0,PA,RyanW,200,,,,,100,,
2945,Green Saving Green Llc,2,0,TX,Genki,200,,,,,,,
3036,7253 Shippee Solar & Construct,6,0,CT,RyanW,200,,,,,,,
2437,Harvest Solar,1,3273,TX,Genki,196,,,,,105,100,
2688,Yellowlite,1,6462,OH,Guy,192,,,116,,35,520,
1626,One World Energy,1,1987,TX,Genki,192,,,,,,500,
562,Cod Sales,1,8064,WA,Genki,189,,,,,84,326,
2386,Demo King,1,236,PA,RyanW,188,,,,,132,536,
2713,Palmetto Clean Technology,1,5885,IL,Guy,188,,,,,100,444,
2974,Limitless Electric Llc,1,3273,TX,Genki,185,,,,,,,
2875,Integrate Sun,1,5040,CA,Genki,182,,,,,,364,
2399,Ecoloop Construction Llp,1,224,MA,RyanW,180,,965,,,280,14300,
102,Meraki Solutions,1,5621,FL,RyanW,180,,,,,,1000,
1972,Connecticut Solar Power *Cod*,1,1670,CT,RyanW,180,,,,,,240,
930,Integrity Solar,1,1670,NJ,RyanW,180,,,,,,300,
2590,Nuwatt Energy,1,224,ME,RyanW,180,,,,,,610,
1804,Power Up Renewables,1,1154,OH,Guy,180,,,,,,,
1376,Sunbright Solar Llc,1,8808,AZ,Genki,180,,,,,180,,
266,Eco Logical Energy Systems,1,1132,VA,RyanW,180,,,,,120,840,
2777,Insight Solar*,4,0,MA,RyanW,180,,,,,200,600,
2534,770 Electric Corp - Cod,4,0,NY,RyanW,180,,,,,400,400,
38,Jax Contracting Dba Sunwire,1,5621,FL,RyanW,180,,,,,,400,
3028,Cod Only,1,9106,VA,RyanW,180,,,,,,,
2975,Lgcy Power,1,4391,TX,Genki,177,,,,,,,
2830,Freedom Forever,1,6435,FL,RyanW,176,,,,,,,
2558,Green Home Improvements Plus,1,4560,FL,RyanW,175,,,36,,36,300,
15,Photon Brothers,1,1127,CO,Genki,173,,,,,2000,2671,
257,Jolma Electric,1,4407,WI,Guy,172,,,,,296,192,
1712,E2 Solar Inc,1,4431,MA,RyanW,170,,,,,100,460,
2742,Ameri-West,1,8187,WA,Genki,168,,,,,60,640,
2776,Integratesun,1,3273,MD,RyanW,166,,,,,,332,
3049,Socal Development & Constructi,1,6435,CA,Genki,165,,,,,,,
2074,Second Generation Energy Llc,1,4431,MA,RyanW,164,,,,,62,480,
18,Sunergy Solar Llc,1,5888,FL,RyanW,163,,,,,,,
1754,Palmetto Clean Technology,1,1154,OH,Guy,162,,,,,,380,
2367,Nova Direct Homes,1,3273,TX,Genki,162,,,,,,240,
1504,Jc Electric,1,8187,ID,Genki,160,,,,,,420,
329,Solar Energy World,1,8018,FL,RyanW,160,,,,,,,
2517,Emes Solar Inc,4,0,NY,RyanW,160,,,,,,500,
1445,"Meraki Installers, Llc",1,237,TX,Genki,160,,,,,20,300,
24,Affordable Energy Center,1,5888,FL,RyanW,160,,,,,,,
624,Plug Pv Llc,1,1045,IN,Guy,160,,,,,,,
1180,410 Energy Solutions,1,9106,MD,RyanW,160,,,,,124,200,
2624,Middletow 01,5,0,NJ,RyanW,160,,,,,,640,
2581,Solar Elite Llc,3,0,PA,RyanW,160,,,,,,,
1165,E2sol,1,704,OR,Genki,160,,,,,,,
2647,Solar Mites,1,4950,IL,Guy,160,,,,,,,
551,Sunblue Energy,1,1670,CT,RyanW,160,,,,,,480,
2737,Bright Side Solar,1,5621,FL,RyanW,160,,,,,,,
1043,Revision Energy Inc,1,224,MA,RyanW,160,,,,,,500,
2896,Ambia Energy Llc,1,4950,IL,Guy,160,,,,,,,
2498,Jbi Solar*,4,0,NY,RyanW,160,,,,,400,400,
2994,Sunwise Energy Llc,1,5944,PA,RyanW,160,,,,,,,
3034,Allcities Solar And Electric,1,8801,WA,Genki,160,,,,,100,,
3001,Solar Life,1,5621,FL,RyanW,160,,,,,,100,
3063,Green Mountain Electric Supply,1,120,NY,RyanW,160,,,,,,480,
3076,9291 Constructive Resource Inc,6,0,FL,RyanW,160,,,,,,,
3074,Axia Solar Corp,1,6552,CA,Genki,160,,,,,,,
2825,Greenspire Llc,1,6435,CA,Genki,157,,,,,,396,
2188,Epc Solar,1,8018,FL,RyanW,156,,,,,,340,
2430,Kosmos Solar,1,237,TX,Genki,152,,,,,,148,
2088,Sunnova,1,9106,MD,RyanW,150,,,,,,,
2607,Cod,1,1132,GA,RyanW,150,,,,,,128,
2597,Florida Solar Installations Ll,1,5621,FL,RyanW,150,,,,,,220,
2966,Premier Power,1,5364,OK,Guy,150,,,,,,,
3112,Cosmo Solaris,1,8460,VA,RyanW,150,,,,,,400,
2051,Solar Gain Inc.,1,8808,AZ,Genki,149,,500,,,,,
2537,Texas Direct Solar,1,3273,TX,Genki,148,,,,,,560,
2977,Lgcy Power,1,3293,IL,Guy,148,,,,,,592,
3023,Elite Solar Group,1,5621,FL,RyanW,148,,,,,,400,
92,Solar Sme,1,236,TX,Genki,147,,,,,,174,
2964,Solar Elite,1,5887,PA,RyanW,143,,,,,,101,
684,Cod Sales - Auburn,1,224,MA,RyanW,140,,920,,,,300,
2414,Solshine,1,1154,OH,Guy,140,,,,,,,
385,Yes! Solar Solutions,1,6058,NC,RyanW,140,,,,,100,420,
30,Energy Solutions Direct,1,8018,FL,RyanW,140,,,,,,,
1089,Sunnova Energy Corportation,1,224,MA,RyanW,140,,,,,200,700,
515,Innovative Solar,1,8618,FL,RyanW,140,,,,,80,400,
1147,"Dba Skyfox Energy, Inc",1,1987,TX,Genki,140,,,,,,600,
878,Solar Energy Services,1,9106,MD,RyanW,140,,,,,200,700,
2701,Solarblocks Energy,2,0,NY,RyanW,140,,,,,,,
2774,Lehmann Electric & Design,1,4407,WI,Guy,140,,,,,40,160,
2886,Energy Renovation Center,1,6435,TX,Genki,140,,,,,,840,
2492,Newport Electric,4,0,RI,RyanW,140,,,,,500,500,
2979,Ethical Energy,1,5944,PA,RyanW,138,,,,,,,
2972,Nedes Llc,1,236,MD,RyanW,134,,,,,,536,
2962,Solar Energy Group Hub,1,5621,MD,RyanW,132,,,,,,450,
23,**Cod** Solar Side Up,1,1875,CO,Genki,131,,,,,420,3350,
2638,Volt Llc,1,1045,IN,Guy,130,,100,,,,,
484,Smart Green Inc,1,224,RI,RyanW,130,,40,,,,440,
2436,Infenergy Llc,1,3273,LA,RyanW,130,,,,,70,300,
190,Cod Sales,1,237,TX,Genki,130,,,,,,,
371,Neal Electric,1,4991,NH,RyanW,130,,,,,,250,
554,Nj Solar Power,1,5887,NJ,RyanW,128,810,,,5,,1518,
2764,Patriot Power,1,236,TX,Genki,126,,,,,,524,
180,Green Brilliance,1,9106,DC,RyanW,126,,,,,,,
1347,Ameco Solar Llc,1,1024,CA,Genki,124,,,,,,112,
2578,Solstice Solar Llc,1,3273,TX,Genki,122,,,,,,60,
1330,Cod-Mountainstar Solar,1,1987,TX,Genki,120,,,,,,100,
2533,Ace Solar*,4,0,MA,RyanW,120,,,,,,0,
1826,Complete Solar,1,4422,NH,RyanW,120,,,,,,240,
1266,Sunstate Solar Inc.,1,148,NM,Genki,120,,,,,,700,
775,Smart Green Inc,1,224,MA,RyanW,120,,,,,,,
936,"Positivesynergyllc,Dba Havasu ",1,4090,NV,Genki,120,,,,,,200,
2544,Sme,1,9106,MD,RyanW,120,,,,,,,
1645,All Solar,1,5621,FL,RyanW,120,,,,,,,
2022,Peninsula Solar,3,0,MI,Guy,120,,,,,,,
2083,Kpost Roofing,1,237,TX,Genki,120,,,,,,540,
163,"Cod-Soltech Energy, Llc",1,1987,TX,Genki,120,,,,,,200,
2609,Big Solar Energy,2,0,NJ,RyanW,120,,,,,,,
2594,Inti Solar,1,120,NY,RyanW,120,,,,,,,
2599,Elite Electrical Contracting,1,4984,CT,RyanW,120,,,,,,,
2741,Art's Construction Company,1,2576,CA,Genki,120,,,,,,240,
1376,Sunbright Solar Llc,1,8756,AZ,Genki,120,,,,,,,
1947,Palmetto Clean Technology,1,6058,NC,RyanW,120,,,,,,300,
2747,Devlin Contracting & Maint Inc,4,0,CT,RyanW,120,,,,,200,200,
3221,Commercial Solutions Â Indiana,1,1045,MI,Guy,120,,,,,200,,
2760,Sunpeak,2,0,WI,Guy,120,,,,,,,
1184,Cod Sales,1,3287,MI,Guy,120,,,,,,,
73,"Solar Works Energy, Llc",1,4029,NM,Genki,120,,,,,,,
702,Lumio Hx Inc.,1,3273,TX,Genki,120,,,,,,,
2888,Elevate Roofing And Solar - Co,1,8618,FL,RyanW,120,,,,,,50,
2946,Cosmo Solaris,2,0,TX,Genki,120,,,,,,,
2944,Insight Ventures Llc,4,0,MA,RyanW,120,,,,,300,600,
2987,Bluenergy Llc,1,8018,FL,RyanW,120,,,,,,240,
2481,Second Generation Energy,4,0,MA,RyanW,120,,,,,200,200,
2903,Summit Solar Solutions Llc,4,0,CT,RyanW,120,,,,,200,300,
3059,Joya Solar Inc,1,5621,FL,RyanW,120,,,,,,,
3119,4992623 Lehigh Solar,6,0,NJ,RyanW,120,,,,,,,
3107,Green Brilliance,3,0,VA,RyanW,120,,,,,,,
2874,Interconnect Electric,1,9106,MD,RyanW,119,,,,,,300,
1936,All Energy Services Llc,1,5621,FL,RyanW,116,,,,,,,
2595,Integratesun,1,5944,VA,RyanW,115,,,,,,230,
1552,Cod Sales,1,4407,WI,Guy,115,,,,,115,230,
293,Solar Energy Systems & Service,1,8618,FL,RyanW,115,,,,,,,
2699,Southeast Energy Solutions,1,1132,GA,RyanW,113,,,,,30,360,
483,Expert Inc,1,4560,FL,RyanW,112,,,,,,831,
1736,Am Shine Electric,1,1024,CA,Genki,110,,,,,20,200,
2545,Smartroof Inc,1,5944,PA,RyanW,110,,,,,65,340,
2606,Cod-Vantage Point Solar,1,1987,TX,Genki,110,,,,,,,
2963,Solar Energy Group Hub,1,9106,DC,RyanW,110,,,,,,300,
1300,365 Solar Energy,1,5944,PA,RyanW,107,,,,,75,450,
2671,"Harvest Solar Of Texas, Llc",1,3273,TX,Genki,104,,,,,,,
3100,New Energy Solutions,1,4984,CT,RyanW,102,,,,,,408,
2258,Nj Solar Power,2,0,NJ,RyanW,100,7072,,1600,,,,
1986,Imperium Solar,3,0,PA,RyanW,100,48,,,,,,
2797,All Bay Solar,1,5040,CA,Genki,100,,100,,,,100,
1748,Syngulf Energy Llc,1,237,TX,Genki,100,,,,,,,
1075,North Coast,1,960,MI,Guy,100,,,,,,,
1646,Lumio Hx Inc,1,5888,FL,RyanW,100,,,,,,,
2433,J&C Energy Solutions Direct,1,8618,FL,RyanW,100,,,,,,,
1646,Lumio Hx Inc,1,8018,FL,RyanW,100,,,,,80,400,
1670,Cod-Pep Solar,1,8756,AZ,Genki,100,,,,,100,400,
2525,Cazeault Solar & Home,4,0,MA,RyanW,100,,,,,100,600,
95,Solarmax,1,8618,FL,RyanW,100,,,,,80,340,
1509,Sun Services Usa,1,5621,FL,RyanW,100,,,,,,400,
205,Empower Energy Solutions,1,4984,MA,RyanW,100,,,,,40,400,
2047,Cod - Energize 806,1,4391,TX,Genki,100,,,,,60,,
1346,All Energy,1,224,MA,RyanW,100,,,,,,400,
2512,Energy Monster,4,0,MA,RyanW,100,,,,,200,200,
2426,"Meraki Installers, Llc",1,1987,NM,Genki,100,,,,,,200,
2633,Brick 07,5,0,NJ,RyanW,100,,,,,,,
2014,Cavu Solar,3,0,VA,RyanW,100,,,,,,,
1787,Sustainable Revolution - Sunbl,1,8808,AZ,Genki,100,,,,,,,
2669,High Performance Homes,1,8064,WA,Genki,100,,,,,100,400,
2718,Gulf Coast Solar Llc,1,8018,FL,RyanW,100,,,,,,200,
2769,Newport Solar *3,4,0,RI,RyanW,100,,,,,100,300,
1604,Jason Colgan Works,1,5888,FL,RyanW,100,,,,,,,
100,Cod Sales,1,4250,NY,RyanW,100,,,,,100,240,
2833,Coop Berlin,5,0,NJ,RyanW,100,,,,,,,
702,Lumio Hx Inc.,1,239,TX,Genki,100,,,,,,,
2843,89194 Castle Energy,6,0,NJ,RyanW,100,,,,,,,
398,Hays Electrical,1,3273,TX,Genki,100,,,,,,,
737,Paradise Energy Solutions,1,6462,NY,RyanW,100,,,200,,,,
2859,"Simplestar, Llc",1,1045,IN,Guy,100,,,,,,,
3009,"Revision Energy, Inc.",1,4422,NH,RyanW,100,,,,,,600,
3019,"Greenlink Solar Solutions, Inc",1,4950,IL,Guy,100,,,,,,,
3058,Lunex Power Inc,4,0,MA,RyanW,100,,,,,100,200,
3067,Everlast Energy,1,4984,MA,RyanW,100,,,,,,400,
2575,Steadfast Home Solar,1,6435,CA,Genki,98,,,,,,400,
872,Cod Sales,1,4422,ME,RyanW,95,1,,20,,,81,
73,"Solar Works Energy, Llc",1,148,NM,Genki,95,,12,,,,8700,
3026,Conexsol Orlando Llc Dba Switc,1,5621,FL,RyanW,95,,,,,,,
3065,Florida Solar And Light,1,4560,FL,RyanW,95,,,,,,100,
1247,Suncoast Structural Steel,1,1024,CA,Genki,94,,,,,,,
2648,Solar Elite,1,5887,NJ,RyanW,94,,,,,,20,
3096,Samba Energy,1,8460,NJ,RyanW,94,,,,,,200,
2676,Dynamic Solar Design,1,236,TX,Genki,93,,,,,,110,
111,Cod Sales,1,5887,NJ,RyanW,92,45,,,,2,19,
191,Cod Solar Acct Only,1,7605,CA,Genki,92,,,,,25,64,
2791,Better Earth Electric Inc,1,4391,TX,Genki,92,,,,,,,
1487,Complete Solar,1,224,MA,RyanW,90,,,,,50,360,
1502,Novasource,1,224,MA,RyanW,90,,,,,50,450,
2719,Green Rack Contracting,1,1154,OH,Guy,90,,,,,,,
3113,Cod Show Me State Electric,1,8018,FL,RyanW,90,,,,,,360,
3090,Sun Dollar Solar,1,6435,CA,Genki,90,,,,,,,
2564,Demo King,1,236,GA,RyanW,88,,,,,88,352,
2595,Integratesun,1,3273,VA,RyanW,87,,,,,67,40,
1434,Brightway Energy Llc,1,224,MA,RyanW,87,,,,,,152,
2413,Source Solar,1,4950,IL,Guy,85,,,,,,,
1941,Elected Electric Llc,1,8018,FL,RyanW,85,,,,,85,,
932,Solar 365,1,239,TX,Genki,85,,,,,85,200,
195,Innovative Solar Energy,1,5621,FL,RyanW,85,,,,,25,400,
513,21st Century Power Solutions,1,9106,MD,RyanW,84,,,,,,100,
2884,Freedom Forever,1,6435,PA,RyanW,84,,,,,,,
1638,Cod Sales,1,4664,MN,Guy,83,,,,,31,145,
3033,Arf Solar Llc,1,6640,IL,Guy,82,,,,,,,
247,Go Solar Power Llc,1,4560,FL,RyanW,81,,,81,,81,362,
1646,Lumio Hx Inc,1,5621,FL,RyanW,80,,,,,,600,
906,Kingdom Solar,1,8797,CA,Genki,80,,,,,,120,
2446,Big Solar Energy,3,0,NJ,RyanW,80,,,,,,,
1716,Cod-Infinity Solar,1,8756,AZ,Genki,80,,,,,200,200,
829,Lg Solar Llc,1,237,TX,Genki,80,,,,,,,
2147,Solarmite Solutions,2,0,NJ,RyanW,80,,,200,,,,
2428,Mayer Solar,1,237,TX,Genki,80,,,,,,,
973,Cod Sales,1,5364,OK,Guy,80,,,,,20,,
308,Devlin Contracting & Maintenan,1,4991,NH,RyanW,80,,,,,80,200,
1892,Mona Lee Inc.,1,6552,CA,Genki,80,,,,,80,500,
2546,Smart Green Inc,1,224,CT,RyanW,80,,,,,,,
1394,Sunergy Solutions,1,4991,NH,RyanW,80,,,,,,300,
663,Powerfactor,1,9106,MD,RyanW,80,,,,,,,
2613,"Alexa Air, Inc.",1,8018,FL,RyanW,80,,,,,62,100,
517,Palmetto Clean Technology,1,6058,VA,RyanW,80,,,,,,300,
2614,"1 Source Solar, Llc.",1,1045,IN,Guy,80,,,,,,,
2576,Source Solar,1,1045,IN,Guy,80,,,,,,,
1801,Energy Harbor Llc,1,5621,FL,RyanW,80,,,,,,100,
2649,Sirio Solar Energy,1,1987,TX,Genki,80,,,,,,200,
2503,I.n.o Electric Service,4,0,MA,RyanW,80,,,,,200,100,
2732,Cod Sales,1,6692,UT,Genki,80,,,,,,,
72,Invaleon Technologies Corp,1,224,MA,RyanW,80,,,,,,300,
309,Energy Technology Services,1,5621,FL,RyanW,80,,,,,,360,
2728,Empower Energy Solutions,1,4422,ME,RyanW,80,,,15,,,2710,
2729,Efficient Electrical Solutions,1,4431,RI,RyanW,80,,,,,100,200,
1633,Connectm Technology Services L,1,4431,MA,RyanW,80,,,,,,200,
2803,Sun Rite,1,224,RI,RyanW,80,,,,,,,
1591,Empire Solar Solutions,1,1670,CT,RyanW,80,,,,,,300,
171,Solar Source,1,5621,FL,RyanW,80,,,,,,1000,
2950,"81222 Mirasol Solar, Inc Dba M",6,0,FL,RyanW,80,,,,,,,
2905,Perihelion Solar,2,0,AR,Guy,80,,,,,,,
1255,Evolution Energy,1,1670,NY,RyanW,80,,,,,,240,
2980,Empire Solar Solutions,1,1670,PA,RyanW,80,,,,,,240,
2954,30039 Independence Renewable E,6,0,IL,Guy,80,,,,,,,
1834,Cod - Amped Bros,1,4391,TX,Genki,80,,,,,,,
2996,Sunnova Energy - Local Orders,3,0,TX,Genki,80,,,,,,,
3035,88887 Cnc Solar,6,0,DE,RyanW,80,,,,,,,
2396,Independent Green Technologies,1,5888,FL,RyanW,80,,,,,,,
3030,Axiom 360 Solar And Roofing,1,1132,NC,RyanW,80,,,,,,160,
3003,Solar Energy Systems,3,0,FL,RyanW,80,,,,,,,
2998,Summit Solar Corp,3,0,NJ,RyanW,80,,,,,,,
3041,"[Cod] Nova Solar, Inc.",1,6408,VA,RyanW,80,,,,,,,
3064,Goodpwr Llc,1,5944,PA,RyanW,80,,,,,,,
3071,Clean Bright Solutions,1,236,TX,Genki,80,,,,,,,
3048,Solar Energy Partners Llc,1,1132,GA,RyanW,80,,,,,,240,
3114,Carpe Diem,1,4560,FL,RyanW,80,,,,,,,
3101,Nedes Llc,1,236,VA,RyanW,80,,,,,,320,
3122,13073 Eco Depot Inc,6,0,WA,Genki,80,,,,,,,
713,Missouri Solar Solutions,1,3584,MO,Guy,80,,,,,80,360,
1861,Tge Solar,1,1154,KY,Guy,79,,,,,48,,
2883,Geoscape Solar,1,4598,NJ,RyanW,79,,,,,,4,
2773,Lsci Inc,1,8018,FL,RyanW,78,,,,,,156,
1027,Ies Batteries,1,4422,ME,RyanW,78,,,,,,220,
1823,American Solar Repair-Cod,1,5887,NY,RyanW,77,139,10,,,20,21,
875,Gulf Electrical Services Llc,1,8018,FL,RyanW,76,,,,,,,
1498,Solar Trek Llc,1,5621,FL,RyanW,76,,,,,,132,
1817,American Solar Repair-Cod,1,5887,NJ,RyanW,75,8246,30,,,18,217,
2550,Pamlico Solar,1,6058,NC,RyanW,75,,,,,,300,
1101,Appalachian Renewable Power,1,1154,OH,Guy,75,,,,,,,
2823,Hi Low Roofing,1,5621,FL,RyanW,75,,,,,,200,
851,Exact Solar,1,5887,NJ,RyanW,73,,,,,4,,
2068,Solvolta,1,1024,CA,Genki,71,,40,,,,240,
2421,Pwr Logix (All Star Contractor,1,6435,CA,Genki,70,,,,,,,
1443,Premier Improvements,1,4984,CT,RyanW,70,,,,,,60,
2570,603 Solar,1,4991,ME,RyanW,70,,,,,,,
2201,Midwest Solars Llc,1,4664,MN,Guy,70,,,,,,,
2703,Solar Landscape,1,4598,NJ,RyanW,70,,,,,,10000,
1918,Fastrac,1,237,TX,Genki,70,,,,,,100,
2811,Rose Services & Solutions,1,5621,FL,RyanW,70,,,,,,,
3060,"Integrate Sun, Llc",1,236,TX,Genki,70,,,,,,140,
1762,Wired Goat Llc,1,8187,WA,Genki,68,,,,,12,300,
2753,Xtg Solar Solutions,1,5621,FL,RyanW,68,,,,,,,
569,Lippolis Electric,1,1670,NY,RyanW,66,,,,,,200,
2582,Solar 360 Building Services,1,6435,CA,Genki,65,,,,,,270,
1836,Geo Electric,1,8187,WA,Genki,65,,,,,60,280,
477,Cod Sales,1,7133,CA,Genki,64,,,,,,100,
2813,"Palmetto Clean Technology, Inc",1,6254,NV,Genki,63,,,,,,315,
724,Iq Power Llc,1,5621,FL,RyanW,62,,,,,140,700,
2537,Texas Direct Solar,1,236,TX,Genki,62,,,,,,100,
2510,Future Energy Solar -  Cod,4,0,MA,RyanW,60,469,,,,100,300,
1995,Solar Guardians Usa,3,0,NJ,RyanW,60,72,,,,,,
2488,Pine Tree Solar Cod,4,0,ME,RyanW,60,,,,,100,,
2105,Meraki Solutions,1,1987,TX,Genki,60,,,,,,100,
2445,Blue Light Energy Llc,1,224,MA,RyanW,60,,,,,60,120,
18,Sunergy Solar Llc,1,5621,FL,RyanW,60,,,,,,,
987,Lumio Hx Inc,1,5040,CA,Genki,60,,,,,,60,
329,Solar Energy World,1,8618,FL,RyanW,60,,,,,,,
1186,"Paradise Energy Solutions, Llc",1,8460,OH,Guy,60,,,,,,200,
85,Lotus Energy & Solar,1,5621,FL,RyanW,60,,,,,40,800,
205,Empower Energy Solutions,1,4431,MA,RyanW,60,,,,,60,300,
987,Lumio Hx Inc,1,311,CA,Genki,60,,,,,,80,
483,Expert Inc,1,8018,FL,RyanW,60,,,,,100,300,
1923,Mona Lee Inc,1,7133,CA,Genki,60,,,,,60,300,
2552,Orius Solar Care,1,239,TX,Genki,60,,,,,60,128,
2548,Savkat Inc,4,0,NH,RyanW,60,,,,,100,200,
2099,"Grid Solar, Llc",1,6640,MO,Guy,60,,,,,,,
2542,Solar Squad,1,3273,TX,Genki,60,,,,,,,
2617,"Granite State Solar, Llc",4,0,NH,RyanW,60,,,,,100,100,
2619,Cazeault Solar & Home*,4,0,MA,RyanW,60,,,,,300,300,
2375,Affordable Solar Services,1,5621,FL,RyanW,60,,,,,,200,
2002,Athens Electric,3,0,OH,Guy,60,,,,,,,
975,Deep Canyon Llc,1,8808,AZ,Genki,60,,,,,,,
2610,Axiom 360 Llc,1,7605,SC,RyanW,60,,,,,60,180,
2596,Integrated Home Energy Llc,3,0,PA,RyanW,60,,,,,,,
1530,Next Energy Llc,1,4407,WI,Guy,60,,,,,360,120,
989,Cod Sales,1,1154,OH,Guy,60,,,,,,,
2658,Old Glory Solar,1,224,MA,RyanW,60,,,,,,,
2672,Green Alternatives Inc,1,3293,IN,Guy,60,,,,,100,300,
2131,Xolar Renewable Energy,2,0,IL,Guy,60,,,,,,,
1345,Sunpower Corporation,1,6552,CA,Genki,60,,,,,200,,
2520,Earth Smart Solar,4,0,CT,RyanW,60,,,,,100,200,
296,Inty Power,1,8756,AZ,Genki,60,,,,,,80,
647,Cod Sales,1,4950,IL,Guy,60,,,,,,,
2711,Phoenix Exteriors,2,0,IL,Guy,60,,,,,,,
2722,"Geoscape Solar, Llc",3,0,NJ,RyanW,60,,,,,,,
2784,Detach Reset Solar Llc,1,6435,CA,Genki,60,,,,,,180,
562,Cod Sales,1,8187,WA,Genki,60,,,,,,,
2830,Freedom Forever,1,5621,FL,RyanW,60,,,,,,,
477,Cod Sales,1,9001,CA,Genki,60,,,,,,,
2820,Lucent Energy Management,3,0,NJ,RyanW,60,,,,,,,
2867,Nw Diy Solar,1,8187,WA,Genki,60,,,,,,240,
1357,Affordable Solar Roof & Air Ll,1,8618,FL,RyanW,60,,,,,,120,
2854,"Solar Works Energy, Llc",1,4029,TX,Genki,60,,,,,,,
1540,Cedar Creek Energy,1,4664,MN,Guy,60,,,,,,100,
2889,Efficient Electrical Solutions,1,4431,MA,RyanW,60,,,,,,,
2897,"Aeps Electric, Llc.",3,0,NJ,RyanW,60,,,,,,,
2953,4990821 Tri State Solar Servic,6,0,NJ,RyanW,60,,,,,,200,
1573,Atlantic Alternative Power,1,4984,MA,RyanW,60,,,,,,100,
2965,Rock Solid Electric,1,8187,WA,Genki,60,,,,,,400,
2952,4991369 Solartek Distributors,6,0,CO,Genki,60,,,,,,,
1514,Vantage Point Solar,1,1987,TX,Genki,60,,,,,,,
3022,Evolution Energy,1,1670,CT,RyanW,60,,,,,,180,
2464,Sunwind Llc,4,0,MA,RyanW,60,,,,,,300,
2991,Tri-City Electric,1,987,IA,Guy,60,,,,,,,
3050,"Simplicity Power, Llc",1,4391,TX,Genki,60,,,,,,,
1421,Dragon Solar Llc,1,5621,FL,RyanW,60,,,,,,,
3057,Mack Solar,3,0,NJ,RyanW,60,,,,,,,
3089,Sun Solar Energy,1,311,CA,Genki,60,,,,,,,
3111,Demo King,1,236,VA,RyanW,58,,,,,,232,
1818,American Solar Repair-Cod,1,5887,CT,RyanW,57,,,,,17,21,
1801,Energy Harbor Llc,1,8018,FL,RyanW,56,,,,,28,112,
2381,Demo King,1,236,TX,Genki,56,,,,,56,224,
2067,Solar Savings Direct,1,6435,CA,Genki,56,,,,,,650,
1444,Bright Home Solutions,1,224,MA,RyanW,54,,,,,,400,
2429,Magic Sun Power,1,6435,CA,Genki,53,,,,,53,220,
2696,Sunbros Solar,1,821,MT,Genki,50,,20,,,50,200,
80,Solarwise Energy Solutions,1,8018,FL,RyanW,50,,,,,50,100,
924,Cod,1,1132,SC,RyanW,50,,,,,50,100,
1930,Soleil Energy Corp,1,9106,MD,RyanW,50,,,,,,,
849,Cod Sales,1,4090,NV,Genki,50,,,,,,,
2093,Demo King,1,236,MD,RyanW,50,,,,,200,50,
1225,"Hall Electrical Systems, Inc",1,8018,FL,RyanW,50,,,,,,100,
990,Cod Sales,1,6640,MO,Guy,50,,,,,,,
1938,"Independence Renewable Energy,",1,1045,IL,Guy,50,,,,,,,
1538,Cod Sales,1,4187,AR,Guy,50,,,,,,100,
2812,R&K Solar Llc,1,5621,FL,RyanW,50,,,,,,,
2827,"Green Energy Options Of Keene,",1,4991,NH,RyanW,50,,,,,,400,
2984,Cod-Advanced Technologies,1,4029,NM,Genki,50,,,,,,,
889,Blossom Solar,1,8064,WA,Genki,50,,,,,62,200,
633,Green Brilliance,1,9106,VA,RyanW,50,,,,,,,
3104,Integrate Sun Solar,1,5364,OK,Guy,50,,,,,,,
2778,Harvest Solar Inc,1,1987,TX,Genki,47,,,,,,,
303,Peak Solar Designs,1,6026,CO,Genki,46,,,,,,4680,
2536,The Masters Hand,1,236,TX,Genki,45,,,,,,100,
2852,Sunny Day Electric,1,1024,CA,Genki,45,,,,,,210,
3115,3a Roofing,1,1132,SC,RyanW,45,,,,,,90,
477,Cod Sales,1,7492,CA,Genki,44,,,,,,,
1970,Palmetto Clean Technology,1,237,TX,Genki,44,,,,,50,220,
250,Sunnymac,1,5887,DE,RyanW,44,,,,,,,
2836,Cod Direct Energy,1,8018,FL,RyanW,44,,,,,,100,
21,Unicity Solar Energy Llc,1,8618,FL,RyanW,44,,,,,,100,
2447,American Energy And Constructi,1,5621,TN,Guy,43,,,,,43,200,
1795,Nuwatt Energy,1,224,NH,RyanW,42,,,,,,200,
2976,Lgcy Power,1,6640,MO,Guy,42,,,,,,250,
3084,White Label Solar Llc,1,224,CT,RyanW,41,,,,,,500,
2639,United Solar Co,3,0,NJ,RyanW,40,,160,,,,,
1776,Sun Rite,1,224,MA,RyanW,40,,100,,,,,
1885,Cod Sales,1,4422,NH,RyanW,40,,,,,100,100,
2441,Cronin & Sons,1,236,TX,Genki,40,,,,,40,,
1391,Synergy Smart Homes,1,4984,CT,RyanW,40,,,,,,,
2435,Insight Ventures Llc,1,224,CT,RyanW,40,,,,,40,200,
2540,Summit Energy Group,1,224,CT,RyanW,40,,,,,40,40,
987,Lumio Hx Inc,1,7133,CA,Genki,40,,,,,,200,
1451,Sunergy Solutions,1,4422,ME,RyanW,40,,,,,,100,
1812,Kansas Solar Systems,1,3584,KS,Guy,40,,,,,40,,
1772,Nationwide Solar Installer Ser,1,4560,FL,RyanW,40,,,,,,2000,
2371,Lockeenergy Solutions,1,4560,FL,RyanW,40,,,,,,150,
2600,Eequals,1,1045,IN,Guy,40,,,,,,100,
2580,Solar Energy World Llc,1,8618,FL,RyanW,40,,,,,100,1000,
2654,Perry Automtin Dba Coastal Con,1,8018,FL,RyanW,40,,,,,,100,
1809,Power Production Management,1,5621,FL,RyanW,40,,,,,100,100,
2677,Craig Pedersen Electrician Llc,4,0,MA,RyanW,40,,,,,100,100,
1909,Nelnet Renewable Energy,1,5415,NE,Guy,40,,,,,,,
881,Just Click Solar,1,2576,CA,Genki,40,,,,,,100,
2670,Hathor Solar Services,3,0,NJ,RyanW,40,,,,,,,
2637,Wardall Harrington Solar Cod,1,8187,WA,Genki,40,,,,,,,
571,Suncor Solar Of Florida,1,8618,FL,RyanW,40,,,,,,,
2636,Windemuller Electric,1,960,MI,Guy,40,,,,,,,
2656,Palmetto Clean Technology,1,1132,CT,RyanW,40,,,,,,80,
1680,Sunpower Corporation,1,5621,FL,RyanW,40,,,,,,,
1974,Smartroof Inc,1,9106,MD,RyanW,40,,,,,,,
2410,"Sunfire Solar, Llc",1,4029,NM,Genki,40,,,,,,1400,
2723,Expert Inc,1,1132,SC,RyanW,40,,,,,,,
2725,"Enlightened Solar, Inc",1,8618,FL,RyanW,40,,,,,,400,
2413,Source Solar,1,1045,IL,Guy,40,,,,,,,
1685,Cod Sales,1,4431,MA,RyanW,40,,,,,,,
1605,Earthlight Technologies,1,4984,CT,RyanW,40,,,,,,,
1965,Dmv Equity,1,1670,CT,RyanW,40,,,,,40,120,
844,Good Energy Solutions,1,3584,KS,Guy,40,,,,,,,
494,Beacon Solar,1,4431,MA,RyanW,40,,,,,40,100,
2369,Cod-Dba Green Sun Solar Soluti,1,1987,TX,Genki,40,,,,,,,
2763,Positive Solar Llc,1,3273,TX,Genki,40,,,,,,,
1945,Energy Solutions,1,5971,OR,Genki,40,,,,,390,,
2475,Solar C171 Cod Sales Taxable*3,4,0,NY,RyanW,40,,,,,100,,
2532,Ace Solar*,4,0,NH,RyanW,40,,,,,,,
2786,Cod-Reimagine Roofing,1,8756,AZ,Genki,40,,,,,,100,
1240,Maine Solar Solutions,1,4422,ME,RyanW,40,,,100,,,,
1570,Solar Service,1,236,TX,Genki,40,,,,,,100,
2805,Solartek Distributors,1,236,TX,Genki,40,,,,,,,
2817,Nivo Solar Llc,1,8618,FL,RyanW,40,,,,,,,
2900,*Cod* Solphos,1,8064,WA,Genki,40,,,,,,,
2527,Brightway Energy Llc*,4,0,MA,RyanW,40,,,,,100,,
2849,Victor Rebolla,1,6435,CA,Genki,40,,,,,,,
238,Sunshine Renewable Solutions S,1,3273,TX,Genki,40,,,,,,,
516,Maine Energy Performance Solut,1,4422,ME,RyanW,40,,,,,,100,
2876,Innovative Solar Nature Coast ,1,8018,FL,RyanW,40,,,,,,200,
2882,Great Sky Solar,4,0,MA,RyanW,40,,,,,,,
2969,Palmetto Clean Technology,1,9106,MD,RyanW,40,,,,,,100,
2591,Novasource Power Co Sst Constr,1,6435,CA,Genki,40,,,,,,400,
2949,9319 Solar Specialist Inc.,6,0,FL,RyanW,40,,,,,,,
3006,Shaun Martin,3,0,NJ,RyanW,40,,,,,,,
3011,Midwest Solars Llc,1,4664,WI,Guy,40,,,,,,,
2999,Solarx - Cod,1,8018,FL,RyanW,40,,,,,,,
3031,Avvio Services,1,5364,OK,Guy,40,,,,,,,
3021,Gosolar Inc,1,4950,IL,Guy,40,,,,,,,
3056,Panel Masters Of Nj,3,0,NJ,RyanW,40,,,,,,,
3083,120920 Green Solar Enterprises,6,0,TX,Genki,40,,,,,,,
3055,Pjwd Dba Soligo,1,5888,FL,RyanW,40,,,,,,,
3093,Solar Blocks Llc,3,0,NY,RyanW,40,,,,,,,
3103,Iver Construction,1,5621,FL,RyanW,40,,,,,,100,
138,California Solar Elec Co,1,6552,CA,Genki,40,,,,,,100,
1694,Mack Solar,1,5887,NJ,RyanW,39,120,,,,4,12,
369,Accord Power,1,5887,NY,RyanW,38,102,,,,7,73,
143,Geoscape Solar Llc,1,5887,NJ,RyanW,38,,,,,1,66,
2579,Solar Energy World Llc,1,5887,NJ,RyanW,38,,,,,,,
2209,Florida Solar Contracting,1,5621,FL,RyanW,38,,,,,,,
2608,Bright Sun Energy,1,1987,TX,Genki,38,,,,,,800,
1512,Nrg Clean Power Inc,1,1024,TX,Genki,38,,,,,,,
2977,Lgcy Power,1,5885,IL,Guy,38,,,,,,200,
3108,Golden Gate Renewables,1,7953,CA,Genki,38,,,,,,,
2074,Second Generation Energy Llc,1,224,MA,RyanW,37,,,,,42,100,
2828,Green Chile Solar Llc,1,148,NM,Genki,37,,,,,,100,
2704,Solar Goat,1,6692,UT,Genki,36,,,,,38,,
2242,Spectrum Solar Power,1,5621,FL,RyanW,35,,,,,,180,
93,Solar Specialists Inc,1,8018,FL,RyanW,33,,,,,,,
1357,Affordable Solar Roof & Air Ll,1,8018,FL,RyanW,32,,,,,,128,
275,Alt E Wind & Solar,1,2459,CO,Genki,31,,,,,30,,
473,Huston Electric,1,1045,IN,Guy,30,,20,,,100,,
1358,Cod Sales,1,148,NM,Genki,30,,14,,,,500,
2417,Senergy Home Llc,1,8756,AZ,Genki,30,,,,,,,
1966,Solar Power Pros Inc,1,1875,CO,Genki,30,,,,,200,1540,
2645,Sollega Inc,1,7133,CA,Genki,30,,,,,,,
2660,My Brilliant Solar,1,224,MA,RyanW,30,,,,,,,
1703,Elite Energy Llc D.b.a Ascend,1,3273,TX,Genki,30,,,,,,,
2686,Affordable Solar Roof Air,1,8618,FL,RyanW,30,,,,,,,
1280,"Levion Construction, Llc",1,6435,CA,Genki,30,,,,,,,
3015,Jj Energy Inc.,1,5733,CA,Genki,30,,,,,,,
1100,Solar Power New England,1,4422,ME,RyanW,30,,,,,,100,
3070,Columbia Electrical Llc,1,8187,WA,Genki,30,,,,,,,
2824,Heliogold,1,7133,CA,Genki,29,,,,,,,
83,Cod Sales,1,5888,FL,RyanW,28,,,,,,,
2767,Nuwatt Energy,1,224,CT,RyanW,28,,,,,,100,
122,Vanguard Solar Services,1,1875,CO,Genki,27,,,,,40,500,
2727,Energy Concepts Llc,1,4664,MN,Guy,26,,,,,96,100,
1878,Vital Energy,1,7953,CA,Genki,26,,,,,29,,
1318,Sunnova,1,5621,FL,RyanW,25,,,,,,1700,
386,Big Dog Solar,1,2685,CO,Genki,25,,,,,505,1150,
2567,Cod - Rivera Home Solutions,1,4391,TX,Genki,25,,,,,5,,
815,Cod - Sales,1,1045,IN,Guy,25,,,,,,,
2684,Ambia Energy Llc,1,1154,OH,Guy,25,,,,,,,
2809,Skyline Solar Llc,1,5887,NJ,RyanW,25,,,,,,2,
1676,Palmetto Clean Technology,1,960,MI,Guy,24,,,,,100,200,
2440,Demo King,1,236,NC,RyanW,24,,,,,24,96,
1796,Ampwrx Llc,1,8797,CA,Genki,24,,,,,24,120,
2616,**Cod** Mona Lee Inc,1,1875,CO,Genki,24,,,,,480,2240,
1095,Rivertown Solar Llc,1,1670,NY,RyanW,24,,,,,,,
2878,"Ilumen, Llc",1,4950,IL,Guy,24,,,,,,,
382,Mountain Power Solutions,1,2685,CO,Genki,23,,,,,,,
2387,Ecocentrix Energy Solutions,1,6640,MO,Guy,23,,,,,,46,
1771,Meraki,1,1987,TX,Genki,22,,,,,100,100,
2210,La Cle Rose/ Cod,1,5887,NJ,RyanW,22,,,,,,18,
712,G1:3solar,1,5364,OK,Guy,22,,,,,,,
365,Green Star Power Llc,1,236,TX,Genki,22,,,,,,88,
2405,Voltaic Solaire,2,0,NJ,RyanW,20,600,,,,,,
2990,360 Electric,1,5885,IL,Guy,20,100,,,,,,
675,Solar Energy World,1,5887,NJ,RyanW,20,88,,,,,20,
2995,Sunrun,1,9106,MD,RyanW,20,48,,,,,100,
2956,Worcester County Electrical,1,224,MA,RyanW,20,,320,,,,,
2841,Ambia Energy Llc,1,5944,PA,RyanW,20,,240,,,70,722,
1084,Affordable Solar,1,148,NM,Genki,20,,170,,,100,100,
2629,Flemingto 12,5,0,NJ,RyanW,20,,,,,,,
1231,Gansett Solar Llc,1,224,MA,RyanW,20,,,,,,,
1811,Admiral Smart Home - Cod,1,239,TX,Genki,20,,,,,,,
318,Source Solar,1,987,IA,Guy,20,,,,,,,
1980,Cod-Solar Solution Az,1,8808,AZ,Genki,20,,,,,,,
1362,Solar Saves Florida,1,8618,FL,RyanW,20,,,,,20,,
2416,Solar One Energy,3,0,NY,RyanW,20,,,,,,,
2243,Texas Solar Panimals,1,237,TX,Genki,20,,,,,,,
2195,My Roof Solar,1,5364,OK,Guy,20,,,,,136,,
1805,Blue Raven Solar,1,5951,ID,Genki,20,,,,,,6800,
154,Florida Power Services,1,8018,FL,RyanW,20,,,,,,,
1469,Edds Electric,1,237,TX,Genki,20,,,120,,,,
1069,Centauri Systems Llc,1,4664,MN,Guy,20,,,,,,80,
2601,E-Equals,1,4950,IL,Guy,20,,,,,,,
2586,Pjwd Energy Llc,1,8018,FL,RyanW,20,,,,,,,
1269,Dmv Equity,1,1670,NY,RyanW,20,,,,,,60,
2584,Renewable Energy Solutions Llc,3,0,RI,RyanW,20,,,,,100,,
2740,Avisun,1,1154,OH,Guy,20,,,,,,,
442,Cod Sales,1,1670,CT,RyanW,20,,,,,,,
2690,Tri-Cities,1,8801,WA,Genki,20,,,,,,,
2781,Excited Energy,1,1875,CO,Genki,20,,,,,,800,
2766,Palmetto Clean Technology,1,224,RI,RyanW,20,,,,,100,,
2389,Dunn Rite Solar Services,1,5621,FL,RyanW,20,,,,,,,
2759,Sunpower Corporation,1,4984,CT,RyanW,20,,,,,,,
2350,Discover Green Renewable Energ,3,0,NY,RyanW,20,,,,,,,
2837,Bright Sun Energy,1,8018,FL,RyanW,20,,,,,,,
2848,Qkm Consulting*3,4,0,RI,RyanW,20,,,,,100,100,
161,Cod Sales,1,5944,PA,RyanW,20,,,,,,80,
83,Cod Sales,1,3395,FL,RyanW,20,,,,,,,
2831,Elite Solar Group Llc,1,8018,FL,RyanW,20,,,,,,,
2838,Blue Wave Solar Energy Llc,1,237,TX,Genki,20,,,520,,,100,
591,Florida Solar Services Llc,1,5621,FL,RyanW,20,,,,,,,
154,Florida Power Services,1,8618,FL,RyanW,20,,,,,,,
2522,Devlin Contracting & Maint Inc,4,0,NH,RyanW,20,,,,,,,
2856,Solar Fix Texas,1,236,TX,Genki,20,,,,,,220,
702,Lumio Hx Inc.,1,236,TX,Genki,20,,,,,,,
2881,Green Brilliance,1,9106,PA,RyanW,20,,,,,,,
2877,Infinity Solar Usa - Tml,1,237,TX,Genki,20,,,,,,,
2880,Grid Llc,1,6640,MO,Guy,20,,,,,,,
2879,Grid Solar And Electric,1,237,TX,Genki,20,,,,,,,
2864,"Plugpv, Llc",1,8618,FL,RyanW,20,,,,,,100,
2872,Jason Jaggard,3,0,NJ,RyanW,20,,,,,,,
364,Cod Pacific Solar Homes,1,7605,CA,Genki,20,,,,,,100,
2970,Paladin Power,1,7133,CA,Genki,20,,,,,,,
1008,Empower Energy Solutions,1,4984,RI,RyanW,20,,,,,,734,
2202,Sol-Tech,1,236,TX,Genki,20,,,,,,200,
3029,Baystate Renewables,1,4431,MA,RyanW,20,,,,,,,
3010,Precision Solar Inc Cod,1,7133,CA,Genki,20,,,,,,,
1830,Devlin Energy,1,4422,ME,RyanW,20,,,,,60,,
3013,Lgcy Power,1,1045,IN,Guy,20,,,,,,,
1968,Cod Contractor,1,6552,CA,Genki,20,,,,,,,
676,Sustainable Energy Group,1,6552,CA,Genki,20,,,,,,,
656,Ji Electric,1,6435,CA,Genki,20,,,,,,,
3046,Srsolarnh,1,4991,MA,RyanW,20,,,,,,240,
3045,Sunrgy,3,0,TX,Genki,20,,,,,,,
3099,Newport Electric,4,0,MA,RyanW,20,,,,,,,
3105,Hale Electric,1,5951,ID,Genki,20,,,,,20,,
3094,Skyline Solar Llc,1,4431,CT,RyanW,20,,,,,200,200,
3120,4992583 Aaa Solar Services,6,0,NJ,RyanW,20,,,,,,200,
3087,Super Powered Solar,3,0,NJ,RyanW,20,,,,,,,
2427,"Meraki Installers, Llc",1,1875,CO,Genki,19,,,,,,300,
1276,All Energy,1,4407,WI,Guy,18,,,,,18,64,
3062,Greenscape,1,9106,DC,RyanW,18,,,,,,,
126,Cod Account,1,1875,CO,Genki,17,8651,,,,56,3431,
2687,Zero Point Energy Llc,1,1875,CO,Genki,17,,160,,,200,1100,
1446,Solar Nova,1,5887,NJ,RyanW,17,,,,,,6,
298,Solar States Llc,1,5887,NJ,RyanW,17,,,,,,,
1474,Rectify Solar Llc,1,3293,IN,Guy,16,,,,,100,100,
1783,Cod-Sunflower Solar,1,1987,TX,Genki,16,,,,,,100,
2415,Solarity Power Llc,1,6435,CA,Genki,15,,,,,,30,
1481,Fusion Solar Energy/Cod,1,5887,NJ,RyanW,15,,,,,,,
2736,C&C Contracting Solutions,1,5621,FL,RyanW,15,,,,,,,
875,Gulf Electrical Services Llc,1,8618,FL,RyanW,15,,,,,,,
2673,Gabsa Services & Solutions,1,5621,FL,RyanW,14,,,,,,84,
109,Sun Talk Solar,1,1875,CO,Genki,14,,,,,214,1180,
248,Infenergy Llc,1,8018,FL,RyanW,13,,,,,13,140,
702,Lumio Hx Inc.,1,237,TX,Genki,13,,,,,,,
28,Emt Renewable Llc,1,5887,NJ,RyanW,12,5588,,,,,,
1723,Palmetto Clean Technology,1,5887,PA,RyanW,12,,,,,1,9,
1855,**Cod**Remove And Replace Sola,1,1875,CO,Genki,12,,,,,,946,
2789,Britestreet Solar Built,1,1875,CO,Genki,12,,,,,18,360,
743,Kruestzfeldt Construction,1,7953,CA,Genki,12,,,,,42,48,
2860,Sheepscott Sound And Solar,1,4422,ME,RyanW,12,,,,,,30,
1672,Tsj Electrical & Comm,1,6435,CA,Genki,12,,,,,,,
631,Ax Co Solar & Roofing,1,6026,CO,Genki,11,,,,,40,300,
607,Sound Energy,1,6026,CO,Genki,11,,,,,,,
2993,Sutphin Solar,1,3273,TX,Genki,11,,,,,,0,
2246,American Solar Repair-Cod,1,5887,CO,Genki,10,3414,148,,,3,21,
642,Solar Impulse,1,4431,MA,RyanW,10,,,,,,200,
15,Photon Brothers,1,6026,CO,Genki,10,,,,,,300,
1763,Avvio Solar Cod,1,5364,OK,Guy,10,,,,,,,
2561,Fluent Solar,1,6692,UT,Genki,10,,,,,10,20,
659,Solar Me,1,5887,NJ,RyanW,10,,,,,,8,
265,Dani Grant Llc Dba Sunbility,1,8018,FL,RyanW,10,,,,,,,
2796,All Energy Solar,1,4664,IL,Guy,10,,,,,,50,
2839,Blue Raven Solar,1,5621,FL,RyanW,10,,,,,,,
2801,The Next Energy,1,3258,LA,RyanW,10,,,,,,,
2814,Orlando - Ray,1,5621,FL,RyanW,10,,,,,,20,
3043,Sunwise Energy Llc,1,5887,NJ,RyanW,10,,,,,,,
3092,Solar Kingdom Inc,1,5621,FL,RyanW,10,,,,,,,
1874,Velocity Energy - Cod,1,5887,NJ,RyanW,9,14,,,,,,
2427,"Meraki Installers, Llc",1,6026,CO,Genki,9,,,,,,100,
2392,603 Solar,1,224,NH,RyanW,9,,,,,,,
897,Genrenew,1,5887,NJ,RyanW,9,,,,,,,
164,High Noon Solar,1,2685,CO,Genki,8,,,,,74,,
2547,Show Me State Electric,1,8618,FL,RyanW,8,,,,,8,300,
2695,Suncerta Dba Sun Valley,1,5621,FL,RyanW,8,,,,,,,
1006,Positive Synergy Llc Dba Havas,1,8756,AZ,Genki,8,,,,,,,
553,Cod Sales,1,3293,IN,Guy,8,,,,,100,100,
1891,Green Rack Contracting Llc,1,5944,PA,RyanW,7,,3360,,,100,,
2702,Solarblocks,1,5887,NJ,RyanW,7,,,,,,,
527,Suncycle Renewable Energy Llc,1,5887,NJ,RyanW,7,,,,,,,
349,Exact Solar,1,5887,PA,RyanW,6,1116,,,,4,4,
668,Tephra Solar,1,1127,CO,Genki,6,,,,,,,
420,Capital Sun Group,1,9106,MD,RyanW,6,,,,,,,
1631,Sunpurity Solar,1,5887,NJ,RyanW,6,,,,,,1,
1294,Big Solar Energy Llc,1,5887,NJ,RyanW,6,,,,,,1,
2076,**Cod** Mile High Solar Mainte,1,1875,CO,Genki,6,,,,,,190,
3040,**Cod** Vertical Ascent Energy,1,1875,CO,Genki,6,,,,,,360,
3004,Sol Sister Solar Llc,1,148,NM,Genki,6,,,,,,,
584,Green Electrical Solutions,1,2685,CO,Genki,6,,,,,,400,
3088,Sunshine City Power,1,1987,TX,Genki,6,,,,,,,
136,1 Solar,1,1875,CO,Genki,5,,,,,,,
1419,"**Cod** Bluecore Solar, Llc",1,1875,CO,Genki,5,,,,,,100,
1406,Redrocks Roof And Solar,1,1875,CO,Genki,5,,,,,20,,
2679,Buglet Solar Electric Installa,1,1875,CO,Genki,5,,,,,,,
2733,Cod Acct - Run On Sun Solar,1,6435,CA,Genki,5,,,,,,,
2721,Green Impact Contracting,1,1875,CO,Genki,5,,,,,,120,
2715,Lazen Solar,1,5621,FL,RyanW,5,,,,,,,
203,Cod Sales,1,6026,CO,Genki,5,,,,,78,50,
2627,Hauppauge,5,0,NY,RyanW,5,,,,,,92,
3043,Sunwise Energy Llc,1,8460,NJ,RyanW,5,,,,,,2,
2857,Solar Bear (Fl),1,8018,FL,RyanW,5,,,,,,,
1908,Meraki Solutions,1,1875,CO,Genki,4,,,,,120,200,
78,Ecovole,1,6640,MO,Guy,4,,,,,,,
2444,Cod Copper Connection,1,1875,CO,Genki,4,,,,,15,24,
2193,Greenhouse Technologies Llc,1,1127,CO,Genki,4,,,,,,,
2422,"Price Solar & Electric, Llc",1,1875,WY,Genki,4,,,,,,,
2427,"Meraki Installers, Llc",1,1127,CO,Genki,4,,,,,101,200,
161,Cod Sales,1,5887,PA,RyanW,4,,,,,1,3,
365,Green Star Power Llc,1,239,TX,Genki,4,,,,,,4,
1226,Liv Solar,1,1875,CO,Genki,4,,,,,,280,
2427,"Meraki Installers, Llc",1,2459,CO,Genki,4,,,,,,,
2743,**Cod** Honey-B Solar,1,1875,CO,Genki,4,,,,,,,
2650,Simon Bros Roofing & Solar,1,1875,CO,Genki,4,,,,,,480,
2758,Synergy Electric,1,5951,ID,Genki,4,,,,,,,
203,Cod Sales,1,1127,CO,Genki,4,,,,,,150,
2802,Terrasol Energies,1,5887,PA,RyanW,4,,,,,,1,
2899,8m Solar,1,6058,VA,RyanW,4,,,,,,16,
2851,Tampa Bay Solar,1,8618,FL,RyanW,4,,,,,,,
784,Accord Power,1,5887,NJ,RyanW,4,,,,,,,
921,Greenhouse Solar Dba Infinity ,1,237,TX,Genki,4,,,,,,,
2973,Mountain Solar Llc (Co),1,1875,CO,Genki,4,,,,,,200,
1855,**Cod**Remove And Replace Sola,1,1127,CO,Genki,4,,,,,,,
1524,Burgeson's Heating & Ac,1,6435,CA,Genki,4,,,,,,680,
2602,Cove Energy Llc,1,5887,PA,RyanW,3,,40,,,,3,
1888,Lotus Electric Llc,1,1875,CO,Genki,3,,,,,,200,
1837,Superior Solar,1,5887,NJ,RyanW,3,,,,,,13,
368,Sunnymac,1,5887,NJ,RyanW,3,,,,,,,
745,Azimuth Renewable Energy,1,5887,NJ,RyanW,3,,,,,1,2,
655,Elevated Independent Energy,1,1875,CO,Genki,3,,,,,,,
2781,Excited Energy,1,2459,CO,Genki,3,,,,,,200,
203,Cod Sales,1,2459,CO,Genki,3,,,,,,,
1838,American Solar Repair-Cod,1,5887,PA,RyanW,2,673,10,,,1,,
1106,Sandbox Solar Llc,1,2459,CO,Genki,2,,,,,,,
1678,Novasource In Care Of Sst Cons,1,5887,NJ,RyanW,2,,,,,1,1,
2615,**Cod** Sol Energy,1,2685,CO,Genki,2,,,,,,,
61,Solarise Solar Energy,1,6026,CO,Genki,2,,,,,,25,
57,Lumio Hx Inc.,1,8064,WA,Genki,2,,,40,,2,,
2887,Energy Insight,1,1875,CO,Genki,2,,,,,,100,
2894,Big Wave Roofing & Solar,1,5887,NJ,RyanW,2,,,,,,,
2870,Morrison Roofing And Solar,1,9439,KS,Guy,2,,,50,,,,
3027,Commercial Solutions - Colorad,1,1875,CO,Genki,2,,,,,,,
1932,Greenlight Solar,1,6026,CO,Genki,2,,,,,,,
603,Ventara Dba Probid Energy,1,1875,CO,Genki,2,,,,,,,
115,Kw Solar Solutions,1,5887,MD,RyanW,1,5424,,,,,9,
610,Kw Solar Solutions,1,5887,NJ,RyanW,1,480,,,,,10,
500,Rise Solutions,1,5887,NJ,RyanW,1,,,,,,,
1977,Palmetto Clean Technology,1,5887,NJ,RyanW,1,,,,,,1,
1908,Meraki Solutions,1,6026,CO,Genki,1,,,,,100,200,
1711,Cod Sales,1,8808,AZ,Genki,1,,,,,,,
2390,"Solar Smart Living, Llc",1,1987,TX,Genki,1,,,,,,,
1859,Ambia Energy Llc,1,6026,CO,Genki,1,,,,,,100,
1333,"Kaitanna Solar, Llc",1,5887,NJ,RyanW,1,,,,,,,
2592,"Maguire Electric, Llc",1,1127,CO,Genki,1,,,,,,,
12,Klick Solar Llc,1,1127,CO,Genki,1,,,,,,,
1955,Solarblocks,1,5887,NY,RyanW,1,,,,,,,
1422,Glyde Solar,1,1875,CO,Genki,1,,,,,,,
2761,Sun Power Energy,1,1127,CO,Genki,1,,,,,,,
2757,Thor Electric Dba Luxray Elect,1,1875,CO,Genki,1,,,,,40,,
2853,Summit Solar,1,5887,NJ,RyanW,1,,,,,,,
757,Proud American,1,1127,CO,Genki,1,,,,,,,
3018,Infiniti Energy -- Cod,1,5887,NJ,RyanW,1,,,,,,,
2847,**Cod** Detach Reset Solar Llc,1,1127,CO,Genki,1,,,,,,160,
3061,Infiniti Energy - Cod,1,4598,NJ,RyanW,1,,,,,,,
2058,J.l. Electric And Contracting ,1,1875,CO,Genki,1,,,,,,,
1757,American Power,1,236,TX,Genki,1,,,,,,900,
3020,Green Construction,1,9106,MD,RyanW,0,28,,,,,0,
1151,Stilwell Solar Llc,1,8018,FL,RyanW,0,,,,,,480,
3106,"Green Coast Solar, Llc",1,8018,FL,RyanW,0,,,,,,0,
14,Mn Solar And More,1,4664,MN,Guy,-20,,,,,-300,,
2513,Emt Renewables Llc *,4,0,PA,RyanW,,5600,,,,,2900,
2459,Vantage Solar Llc,4,0,MA,RyanW,,4580,,,,,,
2618,Emt Renewables Llc *,4,0,MA,RyanW,,3312,,,,,1600,
3102,Marcor Construction Solar,1,4250,NY,RyanW,,699,,69,,,501,
2370,Greenway Solar,1,4633,MN,Guy,,568,,,,,,
3220,Commercial Solutions Â Minneso,1,5887,MN,Guy,,532,,,,,,
2136,Solar Installations By Marcor,2,0,NY,RyanW,,460,,300,,,,
2958,Tri Solar,1,8801,WA,Genki,,459,,,,14,600,
1987,Supreme Solar Services,3,0,NJ,RyanW,,414,,,,,,
2682,"Bethpage Solar, Inc.",4,0,NY,RyanW,,377,,,,,200,
716,American Solar Repair,1,9106,NY,RyanW,,225,,,,,267,
2943,Marcor Construction Solar,4,0,NY,RyanW,,220,,,,100,300,
2621,Valley Strea,5,0,NY,RyanW,,208,,300,,2000,106,
2794,American Solar Repair-Cod,1,5887,MD,RyanW,,133,,,,,1,
3091,Solar Pathways Energy Llc,1,2459,CO,Genki,,120,,,,,100,
3222,Commercial Solutions  Minnesot,1,4664,MN,Guy,,116,,,,,,
2697,Sunaura Solar Llc,1,239,TX,Genki,,96,,,,,,
2951,4991666 Jc Installs,6,0,FL,RyanW,,86,,40,,,200,
1206,Wolf River Electric,1,4664,MN,Guy,,73,,,,,,
2886,Energy Renovation Center,1,237,TX,Genki,,48,,,,,,
2625,Manahawki 14,5,0,NJ,RyanW,,48,,,,,,
2016,Sun In One,3,0,DE,RyanW,,48,,,,,,
2968,Pmk Contractors Llc,1,5887,NJ,RyanW,,46,,,3,,1,
1505,Skyline Solar,1,5887,NJ,RyanW,,28,,,,,,
2779,Freight Claims,1,1875,CO,Genki,,26,,,,,,
2799,**Cod** Puresun Power Llc,1,1875,CO,Genki,,24,,,,,,
2772,Marcor Solar Inc,2,0,NY,RyanW,,20,,,,,,
2734,Cedar Rapids,1,987,IA,Guy,,17,,,,,,
39,Nu Look Solar,1,9106,MD,RyanW,,15,,,,,,
2423,Posigen Of Louisiana,1,224,MA,RyanW,,,2220,,,,1700,
2646,Solar Technologies  -Sunlogic,1,5040,CA,Genki,,,1320,,,,,
222,United Better Homes,1,224,MA,RyanW,,,1070,,,,59000,
3066,Evolution Solar Llc Dba Advanc,3,0,MD,RyanW,,,800,,,,,
2754,Volt Llc,1,1045,IL,Guy,,,400,,,,,
1967,Carbon Recall,1,4639,MT,Genki,,,320,,,,,
1068,The Green Panel,1,960,MI,Guy,,,300,,,,550,
1937,Arrow Energy,1,987,IL,Guy,,,270,,,,,
2087,Spectrum Energy Development,1,6552,CA,Genki,,,240,,,,,
2835,Cod Sales - Auburn,1,224,IL,Guy,,,200,,,,,
1364,Srsolarnh,1,4991,NH,RyanW,,,199,,,,,
1726,**Cod** Faraday Electric,1,1875,CO,Genki,,,140,,,,,
2821,Integrity Solar & Home Solutio,1,5887,NJ,RyanW,,,107,,,,,
2082,Ethos Green Power,1,4407,WI,Guy,,,100,,,,,
3025,East Coast Solar Solar Llc,1,224,MA,RyanW,,,100,,,,,
3002,Solar Gain Inc.,1,8808,OR,Genki,,,100,,,,,
2593,Keefe Gallagher Solar Solution,1,4391,TX,Genki,,,96,,,,,
10,Granite State Solar,1,4991,NH,RyanW,,,80,,,,,
2762,Seacoast Solar Solutions,1,224,MA,RyanW,,,80,,,,,
1519,Harvest Solar Mt,1,821,MT,Genki,,,80,,,,,
2724,Ethos Green Power,3,0,WI,Guy,,,60,,,,,
3047,Solar Quote/ Subcontractor Hub,1,5887,NJ,RyanW,,,40,,,,1,
1700,Posigen Solar Support,1,224,MA,RyanW,,,40,,,,,
1057,Wegner Roofing & Solar,1,821,MT,Genki,,,40,,,,,
2652,"Plugpv, Llc",1,224,MA,RyanW,,,40,,,,,
2804,Star Electric,1,4639,MT,Genki,,,40,,,,,
653,Cod Sales - Auburn,1,224,RI,RyanW,,,40,,,,,
1561,Pozitiv Energy,1,5944,PA,RyanW,,,40,,,,,
2239,United Better Homes,1,224,NH,RyanW,,,30,,,,1400,
2587,Photon Rainbow Llc,1,148,NM,Genki,,,24,,,,,
2895,"Baseline Solar Solutions, Llc",1,6408,VA,RyanW,,,20,,,,100,
2563,Druzbicki Electrical Llc,4,0,MA,RyanW,,,20,,,,,
2698,Starlight Solar,1,5887,NJ,RyanW,,,20,,,,,
1373,Purelight Power Llc,1,4639,MT,Genki,,,20,,,,,
2862,R&T Yoder Electric,3,0,OH,Guy,,,20,,,,,
1828,Freedom Energy,1,4639,MT,Genki,,,20,,,,,
2689,Yaeger Electric,1,5887,NJ,RyanW,,,18,,,,,
2519,East Coast Solar,4,0,MA,RyanW,,,11,,,,200,
198,Onsite Energy,1,4639,MT,Genki,,,10,,,,,
3051,Saco,1,4422,ME,RyanW,,,5,,,100,,
864,Cod Sales,1,821,MT,Genki,,,3,,,,,
2745,Summit Solar Solutions Llc,4,0,ME,RyanW,,,2,,,,,
2978,Gotsun-Gosolar,1,4431,RI,RyanW,,,2,,,,,
2788,Burlington Fireplace & Solar,1,4407,WI,Guy,,,1,,,,,
1646,Lumio Hx Inc,1,4560,FL,RyanW,,,,,,220,,
2409,Sunstream,1,5621,FL,RyanW,,,,,,4,,
260,Positive Solar,1,8756,AZ,Genki,,,,,,537,864,
1877,Sunnova Energy Corp,1,4984,CT,RyanW,,,,,,100,800,
2406,[Cod] Off Grid By Design,1,6408,MD,RyanW,,,,,,50,,
799,Solar Installation Group (Sig),1,8797,CA,Genki,,,,,,3000,,
2101,Affordable Solar Roof Air,1,237,TX,Genki,,,,,,200,,
2463,Surf Clean Energy*,4,0,NY,RyanW,,,,,,100,,
1214,Project Solar,1,5040,CA,Genki,,,,,,240,,
2549,Pelican Solar Services,1,8618,FL,RyanW,,,,,,40,,
1665,Solar Direct,1,8018,FL,RyanW,,,,,,15,,
27,Castaways Energy Llc.,1,5621,FL,RyanW,,,,,,400,200,
2568,Au Solar Services Llc,1,4407,WI,Guy,,,,,,200,,
2628,Freehold 06,5,0,NJ,RyanW,,,,,,-300,,
1184,Cod Sales,1,960,MI,Guy,,,,,,400,,
2585,Power Pro Solutions Llc,1,1987,NM,Genki,,,,,,64,,
2659,New York State Solar Farm,1,1670,NY,RyanW,,,,,,263,,
2668,"Home Energy Systems, Inc",1,7133,CA,Genki,,,,,,300,,
1156,Seventh Gen Solar,1,4991,NH,RyanW,,,,,,120,,
2731,Cod-American Solar And Roofing,1,8756,AZ,Genki,,,,,,15,,
974,Cod Sales,1,4450,OR,Genki,,,,,,16,,
2780,Expert Inc,1,3273,TX,Genki,,,,,,96,1013,
2798,*Cod* Salto Energy Llc,1,1875,CO,Genki,,,,,,15,,
2307,Sunhub,2,0,OH,Guy,,,,,,300,,
2793,Au Solar Services Llc,2,0,WI,Guy,,,,,,400,,
2832,Ecojiva,1,3287,MI,Guy,,,,,,200,,
2144,All Energy Solar,2,0,MN,Guy,,,,,,400,,
2826,"Green House Solar & Air, Inc (",1,8018,FL,RyanW,,,,,,84,,
2861,Revision Energy,2,0,ME,RyanW,,,,,,500,,
1723,Palmetto Clean Technology,1,1132,PA,RyanW,,,,,,500,,
1742,"Baker Home Energy, Nb Baker Az",1,8756,AZ,Genki,,,,,,16,,
2892,Cod Employee Sales,1,6435,CA,Genki,,,,,,5,,
2866,Off Grid Energy Solutions Dba ,1,5951,ID,Genki,,,,,,75,300,
276,Big Dog Energy,1,5951,ID,Genki,,,,,,341,23957,
1614,Astrawatt Solar,1,5364,OK,Guy,,,,,,9,,
3007,Sattler Solar,1,7133,CA,Genki,,,,,,40,,
3016,Invaleon Technologies Corp*,4,0,NH,RyanW,,,,,,200,200,
3017,Integrity Solar & Home Solutio,1,5887,DE,RyanW,,,,,,1,,
3032,Atlas Solar Solutions,1,1875,CO,Genki,,,,,,10,,
3039,4203838 Blue River Solar,6,0,IN,Guy,,,,,,200,200,
3072,Central Texas Solar - Cod,1,239,TX,Genki,,,,,,20,,
3082,12249 Elemental Energy Dba Ele,6,0,CO,Genki,,,,,,100,400,
3075,Absolute Power,1,8801,WA,Genki,,,,,,50,,
1727,Impact Energy Llc,1,5887,NJ,RyanW,,,,,,1,,
215,United Better Homes,1,224,RI,RyanW,,,,,,,41600,
166,Powur Pbc,1,8018,FL,RyanW,,,,,,,1920,
641,Powur Pbc,1,6435,CA,Genki,,,,,,,14629,
2425,Ms Electric,1,4090,NV,Genki,,,,,,,100,
2431,Key Solar Solutions,1,9106,MD,RyanW,,,,,,,200,
2438,Earth Smart Solar,1,4984,CT,RyanW,,,,,,,1000,
1730,Artificial Grass Turf Co,1,8756,CA,Genki,,,,,,,460,
49,Urban Solar,1,4560,FL,RyanW,,,,,,,1480,
2420,Renewable Living Llc,1,181,UT,Genki,,,,,,,300,
1639,Cyberdyne Construction Llc,1,7133,CA,Genki,,,,,,,240,
1910,"Sunfire Solar, Llc",1,1987,TX,Genki,,,,,,,100,
993,Powur Pbc,1,239,TX,Genki,,,,,,,700,
2044,Meraki Solutions,1,148,NM,Genki,,,,,,,500,
295,Blue Raven Solar,1,1875,CO,Genki,,,,,,,480,
1556,Artificial Grass Turf Co,1,8756,AZ,Genki,,,,,,,100,
2448,Ameri-Sun,1,6552,CA,Genki,,,,,,,400,
1428,United Better Homes,1,224,CT,RyanW,,,,,,,10700,
1133,True Enterprises Llc,1,4422,ME,RyanW,,,,,,,1100,
2211,Solar Gain Inc.,1,8797,CA,Genki,,,,,,,200,
2049,Powur Pbc,1,4984,CT,RyanW,,,,,,,1200,
1918,Fastrac,1,236,TX,Genki,,,,,,,110,
2234,Kota Energy Group,1,7133,FL,RyanW,,,,,,,100,
2241,Eagle Pass Smart Energy Soluti,1,237,TX,Genki,,,,,,,260,
528,Volt Seed,1,224,MA,RyanW,,,,,,,1220,
1265,Sunco Solar,1,237,TX,Genki,,,,,,,6056,
2106,Powur Pbc,1,4950,IL,Guy,,,,,,,100,
641,Powur Pbc,1,6552,CA,Genki,,,,,,,8700,
1775,Fusion Power,1,8756,AZ,Genki,,,,,,,19300,
1334,Rack Electric,1,4560,FL,RyanW,,,,,,,780,
993,Powur Pbc,1,6435,TX,Genki,,,,,,,399,
822,Elbac Solar (Freestar Inc),1,6435,CA,Genki,,,,,,,1250,
1495,Cod-Empire Refrigeration,1,1987,TX,Genki,,,,,,,100,
499,Pacific Sun Technologies Inc,1,6435,CA,Genki,,,,,,,1080,
2379,Sunectric Solar,1,4560,FL,RyanW,,,,,,,340,
2361,Best Solar Homes,1,236,TX,Genki,,,,,,,200,
424,Prepaid Sales,1,8756,AZ,Genki,,,,,,,300,
987,Lumio Hx Inc,1,6552,CA,Genki,,,,,,,100,
166,Powur Pbc,1,5621,FL,RyanW,,,,,,,1160,
409,816 Solar Pros,1,6640,MO,Guy,,,,,,,300,
200,Solaria Energy Solutions,1,5621,FL,RyanW,,,,,,,1100,
2097,Cod-Modern Era Solar,1,1987,TX,Genki,,,,,,,1900,
2562,Epx Group,1,7133,CA,Genki,,,,,,,112,
2543,Solar Plus,1,1024,CA,Genki,,,,,,,300,
127,Freedom Solar Energy,1,8018,FL,RyanW,,,,,,,400,
2541,"Stanford Group, Llc",1,8018,FL,RyanW,,,,,,,100,
885,Lunex Power Inc,1,4984,CT,RyanW,,,,,,,600,
2559,Green Electric Solar Solutions,1,7133,CA,Genki,,,,,,,140,
1724,Sangamon,1,1045,IN,Guy,,,,,,,200,
846,Powur Pbc,1,5887,NJ,RyanW,,,,,,,19,
1029,Lunex Power Inc,1,224,RI,RyanW,,,,,,,100,
2574,Steel City Solar,1,6026,CO,Genki,,,,,,,130,
700,Cod-Trinity Electrical Contrac,1,1987,TX,Genki,,,,,,,100,
2571,United Energy Partners Llc,1,8756,AZ,Genki,,,,,,,200,
1910,"Sunfire Solar, Llc",1,4029,TX,Genki,,,,,,,300,
2611,All Solar,1,2459,CO,Genki,,,,,,,100,
2577,Sonovus Energy,1,237,TX,Genki,,,,,,,864,
1956,Solgrid Inc,1,4431,MA,RyanW,,,,,,,200,
2588,Olmeda Electric Inc,1,7133,CA,Genki,,,,,,,200,
2661,Long Island,5,0,NY,RyanW,,,,,,,100,
2662,Lavallette,5,0,NJ,RyanW,,,,,,,100,
2643,Standard Energy Solutions Llc ,4,0,MD,RyanW,,,,,,,2000,
1459,Sol Up,1,4090,NV,Genki,,,,,,,320,
2640,Synaptic Solar,1,239,TX,Genki,,,,,,,12,
1105,Freedom Solar Power,1,5621,FL,RyanW,,,,,,,800,
2683,Aws Electric And Solar,1,1024,CA,Genki,,,,,,,200,
1345,Sunpower Corporation,1,5040,CA,Genki,,,,,,,200,
1758,Florida Eco Electric,1,5621,FL,RyanW,,,,,,,400,
883,Bright Planet Solar,1,1045,IL,Guy,,,,,,,1000,
2052,The Solar Resource,1,1154,OH,Guy,,,,,,,400,
1533,Powur Pbc,1,6435,AZ,Genki,,,,,,,2100,
339,The Solar Cowboys,1,237,TX,Genki,,,,,,,1080,
1336,Cod-Certified Energy Consultin,1,1987,TX,Genki,,,,,,,200,
2657,One World Energy,1,4029,NM,Genki,,,,,,,200,
1322,Flo Energy,1,8618,FL,RyanW,,,,,,,1000,
2681,"Blueprint Building Services, L",1,8808,AZ,Genki,,,,,,,195,
2739,Az Roofing Works Llc,1,8756,AZ,Genki,,,,,,,100,
127,Freedom Solar Energy,1,8618,FL,RyanW,,,,,,,300,
2730,Ecovole Solar,1,3584,KS,Guy,,,,,,,140,
678,Celestar Solar,1,1045,IL,Guy,,,,,,,400,
1094,Powur Pbc,1,8460,PA,RyanW,,,,,,,40,
2712,Phillip Jeremiah Llc Dba Preci,1,6435,CA,Genki,,,,,,,480,
2720,"Green Leaf Solar, Llc Cod + En",1,8618,FL,RyanW,,,,,,,100,
2565,Commercial Solutions - Mid-Atl,1,224,NJ,RyanW,,,,,,,2700,
2706,Sangamon,1,1045,IL,Guy,,,,,,,800,
2726,Energy Service Partners,1,237,TX,Genki,,,,,,,4792,
2738,Banning Ca - Ced,1,6435,CA,Genki,,,,,,,300,
2705,Senga Energy Llc,1,6552,CA,Genki,,,,,,,1100,
1621,Sunpower Corporation,1,224,MA,RyanW,,,,,,,200,
1677,Sunfire Solar Systems Llc,1,148,NM,Genki,,,,,,,500,
641,Powur Pbc,1,9001,CA,Genki,,,,,,,500,
363,Ce Team Inc,1,5887,NJ,RyanW,,,,,,,4,
2787,C Ward Electric,1,4984,CT,RyanW,,,,,,,200,
2106,Powur Pbc,1,1154,IL,Guy,,,,,,,800,
1533,Powur Pbc,1,6552,AZ,Genki,,,,,,,600,
2768,Novasource Power Co Sst Constr,1,6435,IL,Guy,,,,,,,100,
2771,Mcclain D.b.a Solarworks Gj,1,2685,CO,Genki,,,,,,,12,
2394,Powur Pbc,1,6435,NM,Genki,,,,,,,1100,
1626,One World Energy,1,236,TX,Genki,,,,,,,100,
2755,Vantage Solar Llc,1,8756,AZ,Genki,,,,,,,164,
520,Bright Planet Solar,1,8797,CA,Genki,,,,,,,100,
1142,Empower Energy Solutions,1,224,CT,RyanW,,,,,,,400,
2816,One World Energy,1,8756,AZ,Genki,,,,,,,1400,
1415,K & M Electrical,1,224,MA,RyanW,,,,,,,200,
1816,Icon Power,1,4090,NV,Genki,,,,,,,200,
265,Dani Grant Llc Dba Sunbility,1,8618,FL,RyanW,,,,,,,100,
2800,The Solar Cowboys,1,237,OK,Guy,,,,,,,40,
1970,Palmetto Clean Technology,1,3273,TX,Genki,,,,,,,16,
2815,One World Energy,1,2685,CO,Genki,,,,,,,240,
2807,Solarships Installation Servic,1,8756,AZ,Genki,,,,,,,400,
2845,4992120 Gotsolar4you,6,0,VA,RyanW,,,,,,,100,
520,Bright Planet Solar,1,7133,CA,Genki,,,,,,,1000,
1607,Florida State Energy,1,5621,FL,RyanW,,,,,,,300,
2834,Colorado Outdoor Contractors L,1,1875,CO,Genki,,,,,,,39,
2806,Solarships Installation Servic,1,8756,IL,Guy,,,,,,,51000,
2840,Best Solar Homes,1,236,MD,RyanW,,,,,,,400,
1650,Panasun Llc,1,5621,FL,RyanW,,,,,,,100,
2657,One World Energy,1,148,NM,Genki,,,,,,,4400,
2890,Dc Electrical Contractors Llc,1,8618,FL,RyanW,,,,,,,300,
1675,Powur Pbc,1,1875,CO,Genki,,,,,,,400,
2855,Solar Topps Llc,1,8756,AZ,Genki,,,,,,,10000,
2866,Off Grid Energy Solutions Dba ,1,756,ID,Genki,,,,,,,200,
2815,One World Energy,1,1875,CO,Genki,,,,,,,200,
816,Dawn To Dusk Solar,1,237,TX,Genki,,,,,,,87,
2857,Solar Bear (Fl),1,8618,FL,RyanW,,,,,,,200,
1769,Ams Solar Power,1,6435,CA,Genki,,,,,,,264,
2863,Power Up Solutions Llc,1,6435,CA,Genki,,,,,,,100,
2869,Nelnet,1,2459,CO,Genki,,,,,,,400,
2885,Fmnm General Services,1,5621,FL,RyanW,,,,,,,100,
2901,**Cod**Best Life Solar**,1,1875,CO,Genki,,,,,,,214,
2893,Blue Raven Solar,1,4664,MN,Guy,,,,,,,1304,
1259,Sirio Solar Energy Solutions L,1,3273,TX,Genki,,,,,,,20,
2816,One World Energy,1,4090,AZ,Genki,,,,,,,240,
2868,Nexa Solar Llc,1,1875,CO,Genki,,,,,,,140,
1785,On Point Solar Power,1,8756,AZ,Genki,,,,,,,500,
962,Empower Energy Solutions,1,224,NH,RyanW,,,,,,,400,
2982,Cod-Solar Fix Az,1,8756,AZ,Genki,,,,,,,600,
2988,Beacon Solar,1,4431,RI,RyanW,,,,,,,840,
1244,Enlightened Solar,1,7133,CA,Genki,,,,,,,800,
2959,Straightup Solar,1,6640,IL,Guy,,,,,,,150,
2960,Storm Pro Energy Llc,1,8756,AZ,Genki,,,,,,,500,
2981,Dba Omicron Solutions,1,1987,NM,Genki,,,,,,,400,
873,Florida Electric & Solar,1,4560,FL,RyanW,,,,,,,100,
2961,Solar Quote/ Subcontractor Hub,1,6435,CA,Genki,,,,,,,160,
2986,Bracket Ut Llc,1,5944,PA,RyanW,,,,,,,85,
2948,9319 Solar Specialist Inc.,6,0,OH,Guy,,,,,,,500,
2967,Porticade Dba Action Solar,1,6435,CA,Genki,,,,,,,560,
2983,Cod-Meta Power Llc,1,1987,TX,Genki,,,,,,,100,
519,William May Electric,1,5621,FL,RyanW,,,,,,,2000,
2989,A&G Electric,1,6552,CA,Genki,,,,,,,500,
2997,Sunnova,1,7133,CA,Genki,,,,,,,26,
1953,Valley Voltage Llc,1,8756,AZ,Genki,,,,,,,600,
3038,4205528 Elkins Sustainability ,6,0,TN,Guy,,,,,,,2900,
997,Eco-Depot,1,8187,WA,Genki,,,,,,,400,
3014,Lgcy Power,1,6435,CA,Genki,,,,,,,1500,
2362,Rivertown Solar Llc,1,1670,CT,RyanW,,,,,,,200,
3037,4205634 South Eastern Florida ,6,0,FL,RyanW,,,,,,,600,
2977,Lgcy Power,1,6640,IL,Guy,,,,,,,200,
3024,Ecoloop Construction Llp,4,0,MA,RyanW,,,,,,,200,
3077,8946 Tsj Electrical & Communic,6,0,CA,Genki,,,,,,,100,
3081,1595 Cape Fear Solar Systems,6,0,NC,RyanW,,,,,,,300,
3080,4205839 Boston Rgo : Des Plain,6,0,IL,Guy,,,,,,,800,
3052,Rivers Edge Electric,1,4422,ME,RyanW,,,,,,,200,
3054,Porticade Dba Action Solar,1,4984,CT,RyanW,,,,,,,100,
1951,Current Electric,1,224,MA,RyanW,,,,,,,160,
3069,Cost Adjustment,1,8756,AZ,Genki,,,,,,,520,
3073,Bryton Power,1,6435,CA,Genki,,,,,,,120,
3085,Syracuse,5,0,NY,RyanW,,,,,,,100,
3095,Sea Bright Solar Llc,1,6435,CA,Genki,,,,,,,0,
1360,Powur Pbc,1,9106,MD,RyanW,,,,,,,360,
3116,*Cod* Faraday Solar,1,1875,CO,Genki,,,,,,,20,
3109,Genesis Solar Power Technology,1,8018,KS,Guy,,,,,,,3,
3097,"Revision Energy, Inc.",1,4422,MA,RyanW,,,,,,,100,
3110,Dna Electrical Concept Llc,1,1987,TX,Genki,,,,,,,0,
3117,***Cod***Golden Sun Solar Serv,1,1875,CO,Genki,,,,,,,100,
3098,Nexus Energy Systems,1,148,NM,Genki,,,,,,,100,
1744,Freedom Solar Power,1,1127,CO,Genki,,,,,,,100,
2871,Mirasol Solar Inc,1,8618,FL,RyanW,,,,,,,520,
1039,Blue Raven Solar,1,8064,WA,Genki,,,,30,,,,
65,Trismart Solar Llc,1,237,TX,Genki,,,,20,,,,
129,Southern Solar,1,237,TX,Genki,,,,80,,,,
1644,Spark Solar,1,237,TX,Genki,,,,77,,,,
42,Solar Maintenance Pros,1,2576,CA,Genki,,,,100,,,,
2846,"4988472 Off Grid Innovations, ",6,0,CO,Genki,,,,10,,,,
2199,Cod-White Mountains Solar,1,8756,AZ,Genki,,,,44,,,,
2215,Off Grid Energy Solutions Dba ,1,987,IA,Guy,,,,,,,,
409,816 Solar Pros,1,3584,MO,Guy,,,,,,,,
2412,Stardust Solar Technologies In,1,9439,KS,Guy,,,,,,,,
2432,Jl Solar Solutions,1,3584,KS,Guy,,,,,,,,
2424,Off Grid Energy Solutions Dba ,1,9439,KS,Guy,,,,,,,,
608,816 Solar Pros,1,3584,KS,Guy,,,,,,,,
1842,"Solq, Llc",1,987,IA,Guy,,,,,,,,
2553,Off Grid Energy Solutions Dba ,1,987,IL,Guy,,,,,,,,
2603,Commonwealth Solar,1,1154,KY,Guy,,,,,,,,
1001,Cdl Electric,1,3584,KS,Guy,,,,,,,,
1128,Northwest Renewables,1,8187,WA,Genki,,,,,,,,
2572,The Metal Roofers,1,4979,TN,Guy,,,,,,,,
1790,Blue Sky Smart Solutions,1,987,IA,Guy,,,,,,,,
1417,Astrawatt Solar,1,3584,KS,Guy,,,,,,,,
1386,A1a Solar Contracting,1,5621,FL,RyanW,,,,,,,,
2700,Solenergy Llc,1,4407,WI,Guy,,,,,,,,
608,816 Solar Pros,1,9439,KS,Guy,,,,,,,,
2790,Blue Sky Energy Solutions Llc,1,9439,KS,Guy,,,,,,,,
947,Wilderness Trace Solar,1,4979,KY,Guy,,,,,,,,
2818,Nebraska Solar Providers,1,5415,NE,Guy,,,,,,,,
2865,Paap Electrical Contracting Ll,1,4407,WI,Guy,,,,,,,,
1546,Peninsula Solar,1,4664,MI,Guy,,,,,,,,
2985,Cdl Electric,1,3584,MO,Guy,,,,,,,,
2907,Northwest Scada,2,0,BC,Guy,,,,,,,,
400,Renu Energy Solutions,1,6058,SC,RyanW,,,,,,,,
3053,Precision Energy Services,1,987,IA,Guy,,,,,,,,
3086,Supplied Energy,2,0,IL,Guy,,,,,,,,
2842,Ac-Dc Upgrade Llc,2,0,IL,Guy,,,,,2,,,
2663,Ipsun Power,2,0,VA,RyanW,,,,,,,,
