Customer,State,Cust_ID,PC #,Dist_Code,Rep,2022_Q1,2022_Q2,2022_Q3,2022_Q4,2023_Q1,2023_Q2,2023_Q3,2023_Q4,Total
Atlantic Key Energy,FL,1,8018,1,Justin,,,,,,,,,
Big Dog Renewable Energy Llc,CO,2,6026,1,Ken,,,,,,,,,
Cod - Core Energy Group,FL,3,8018,1,Justin,,,,,,,,,
"Cod-Southswest Energy, Llc",TX,4,1987,1,Ken,,,,,,,,,
Cost Adjustments,SC,5,1132,1,Justin,,,,,,,,,
Ecovole,KS,6,3584,1,Ken,,,,,,,,,
Efficient Home Services Of Florida,FL,7,8018,1,Justin,,,,,,,,,
Encor Solar,KS,8,3584,1,Ken,,,,,,,,,
Energy One,KS,9,3584,1,Ken,,,,,,,,,
Granite State Solar,NH,10,224,1,Chris,,,,,,,,,
Home Pro Solutions,TX,11,1987,1,Ken,,,,,,,,,
Klick Solar Llc,CO,12,1875,1,Ken,,,,,,,,,
"Lumio, Inc",UT,13,5888,1,Rob,,,,,,,,,
Mn Solar And More,MN,14,4664,1,Guy,,,,,,,,,
Photon Brothers,CO,15,1875,1,Ken,,,,,,,,,
Rising Sun,MO,16,3584,1,Guy,,,,,,,,,
Sunergy,FL,17,5888,1,Justin,,,,,,,,,
Sunergy Solar Llc,FL,18,8018,1,Justin,198.24,,,,,,,,
Sunpro Dba Marc Jones Construction,NC,19,6058,1,Chris,,,,,,,,,
Sunwatt Energy,TX,20,1987,1,Ken,,,,,,,,,
Unicity Solar Energy Llc,FL,21,8018,1,Justin,,,,,,,,,
Voltaic Solaire,NJ,22,5887,1,Chris,,,,,,,,,
**Cod** Solar Side Up,CO,23,1875,1,Ken,,,,,,,,,
Affordable Energy Center,FL,24,8018,1,Justin,,,,,,,,,
Alexa Air Inc.,FL,25,8618,1,Justin,,,,,,,,,
American Energy And Construction,FL,26,5621,1,Justin,,,,,,,,,
Castaways Energy Llc.,FL,27,5621,1,Justin,,,,,,,,,
Emt Renewable Llc,NJ,28,5887,1,Chris,,,,,,,,,
Energy Sol Of Mid Fl Dba Ever,FL,29,5621,1,Justin,,,,,,,,,
Energy Solutions Direct,FL,30,8018,1,Justin,,,,,,,,,
"Ensolar Usa, Llc",FL,31,8618,1,Justin,,,,,,,,,
Erus Builders,TX,32,1987,1,Ken,,,,,,,,,
Expert Inc.,FL,33,8618,1,Justin,,,,,,,,,
Freedom Solar Tx,TX,34,236,1,Ken,,,,,,,,,
Green Hybrid Energy Solutions,NY,35,1670,1,Chris,,,,,,,,,
Green Solutions Of Fl,FL,36,5621,1,Justin,,,,,,,,,
Greenlight Solar - Tx,TX,37,236,1,Ken,,,,,,,,,
Jax Contracting Dba Sunwire,FL,38,5621,1,Justin,,,,,,,,,
Nu Look Solar,MD,39,9106,1,Chris,,,,,,,,,
Palmetto Solar,SC,40,1132,1,Justin,,,,,,,,,
Palmetto Solar,NM,41,148,1,Ken,,,,,,,,,
Solar Maintenance Pros,CA,42,2576,1,Rob,,,,,,,,,
Sun Harvest Llc Dba Sun Harvest Eng,FL,43,8618,1,Justin,,,,,,,,,
Sun-Tec Solar Energy,FL,44,8018,1,Justin,,,,,,,,,
Sunlight Solar,MA,45,224,1,Chris,,,,,,,,,
Sunnova Energy Corp - Direct Pay,CT,46,4984,1,Chris,,,,,,,,,
Sunnova Energy Corp. - Direct Pay,FL,47,8018,1,Justin,,,,,,,,,
Sunvena Solar Llc,FL,48,5621,1,Justin,,,,,,,,,
Urban Solar,FL,49,4560,1,Justin,177,,,84.96,,,,,
8m Solar,NC,50,6058,1,Chris,,,,,,,,,
"Ailey Solar Electric, Inc.",IL,51,1045,1,Guy,,,,,,,,,
All American Solar Llc,FL,52,5621,1,Justin,,,,,,,,,
Ecology Solar,CO,53,1875,1,Ken,,,,,,,,,
Erus Energy,TX,54,3273,1,Ken,,,,,,,,,
Freedom Solar (Tx),CO,55,1127,1,Ken,,,,,,,,,
Frontline Home Solutions,TX,56,4441,1,Ken,,,,,,,,,
Lumio Hx Inc.,WA,57,8064,1,Rob,,,,,,,,,
Photon Bros,CA,58,7605,1,Rob,,,,,,,,,
Pm&M Electric Dba Titan Solar,FL,59,8018,1,Justin,,,,,,,,,
Solar Sme,VA,60,236,1,Chris,,,,,,,,,
Solarise Solar Energy,CO,61,6026,1,Ken,,,,,,,,,
Sun Valley Renewables,AR,62,4187,1,Ken,,,,,,,,,
Sundog Solar,ME,63,4422,1,Chris,,,,,,,,,
Sunnova,NJ,64,5887,1,Chris,,,,,,,,,
Trismart Solar Llc,TX,65,236,1,Ken,,,,,,,,,
A.m.sun Solar Inc,CA,66,7605,1,Rob,,,,,,,,,
"Ac/Dc Solar, Llc",FL,67,8018,1,Justin,,,,,,,,,
Encor Solar,OK,68,3584,1,Ken,,,,,,,,,
Erus Builders,AZ,69,8756,1,Ken,,,,,,,,,
Fastrac Energy Services,TX,70,3273,1,Ken,,,,,,,,,
Green Hybrid Energy Solutions,CT,71,1670,1,Chris,,,,,,,,,
Invaleon Technologies Corp,MA,72,224,1,Chris,,,,,,,,,
"Solar Works Energy, Llc",NM,73,148,1,Ken,,,,,,,,,
"Solar Works Energy, Llc.",TX,74,1987,1,Ken,,,,,,,,,
"Untd Holdings, Llc",UT,75,6692,1,Rob,,,,,,,,,
"American Energy Care, Inc.",NY,76,120,1,Chris,,,,,,,,,
Apollo Energy,CO,77,1875,1,Ken,,,,,,,,,
Ecovole,MO,78,3584,1,Guy,,,,,,,,,
Meraki Installers Llc,FL,79,5621,1,Justin,,,,,,,,,
Solarwise Energy Solutions,FL,80,8018,1,Justin,,,,,,,,,
Texas Solar Outfitters,TX,81,3273,1,Ken,,,,,,,,,
American Design & Build Ltd,MD,82,9106,1,Chris,,,,,,,,,
Cod Sales,FL,83,5888,1,Justin,82.6,,1593,,,,,,
Efficient Home Services,FL,84,8618,1,Justin,,,,,,,,,
Lotus Energy & Solar,FL,85,5621,1,Justin,,,,,,,,,
"Lumio Hx, Inc.",FL,86,8018,1,Justin,,,,,,,,,
Modern Concepts Construction Llc,FL,87,8018,1,Justin,,,,,,,,,
Palmetto Solar,MD,88,9106,1,Chris,,,,,,,,,
Palmetto Solar Dba Palmetto Clean,FL,89,5621,1,Justin,,,,,,,,,
Photon Brothers,CA,90,1875,1,Rob,,,,,,,,,
Pm&M Electric Dba : Titan Solar,NV,91,4090,1,Rob,,,,,,,,,
Solar Sme,TX,92,236,1,Ken,,,,,,,,,
Solar Specialists Inc,FL,93,8018,1,Justin,,,,,,,,,
Solarlogix,ME,94,4422,1,Chris,,,,,,,,,
Solarmax,FL,95,8618,1,Justin,,,,,,,,,
Sunflower Solar,TX,96,1987,1,Ken,,,,,,,,,
Sunpro,IL,97,4950,1,Guy,,,,,,,,,
Tempo Electric,NV,98,4090,1,Rob,,,,,,,,,
Vision Solar,FL,99,5621,1,Justin,,,,,,,,,
Cod Sales,NY,100,6462,1,Chris,,,,,,,,,
Lumio Hx Inc.,FL,101,5621,1,Justin,,,,,,,,,
Meraki Solutions,FL,102,5621,1,Justin,,,,,,,,,
Reconnect Clean Energy Llc,CO,103,2685,1,Ken,,,141.6,,,,,,
Seal Solar,AR,104,4187,1,Ken,,,,,,,,,
Solar Sme,MD,105,236,1,Chris,,,,,,,,,
Solcius,TX,106,1987,1,Ken,,,,,,,,,
"Solcius, Llc",CA,107,6435,1,Rob,,,,,,,,,
Solera/ Gardner Solar,MO,108,3584,1,Guy,,,,,,,,,
Sun Talk Solar,CO,109,1875,1,Ken,,,,,,,,,
Az Sun-Ensemble-Dividend,AZ,110,8756,1,Ken,,,,,,,,,
Cod Sales,NJ,111,5887,1,Chris,,,,,,,,,
Devlin Contracting & Maintenance,MA,112,4431,1,Chris,,,,,,,,,
"Greenready, Llc",FL,113,8018,1,Justin,,,,,,,,,
Hudson River Solar,NY,114,120,1,Chris,,,,,,,,,
Kw Solar Solutions,MD,115,5887,1,Chris,5.9,17.7,,,,590,,,
New Jersey Sun Tech,NY,116,5887,1,Chris,,,,,,,,,
O3 Home Solar,TX,117,237,1,Ken,,,,,,,,,
Pine Tree Solar,ME,118,4422,1,Chris,,,,,,,,,
Solcius Llc,CO,119,1875,1,Ken,,,,,,,,,
Sunpower,NY,120,4984,1,Chris,,,,,,,,,
Sunrgy/Cod,TX,121,239,1,Ken,,,,,,,,,
Vanguard Solar Services,CO,122,1875,1,Ken,,,,,,,,,
Boston Solar,MA,123,224,1,Chris,,,,,,,,,
Bruem Energy Llc,MD,124,9106,1,Chris,,,,,,,,,
Cleantap Energy,ME,125,4422,1,Chris,,,,,,,,,
Cod Account,CO,126,1875,1,Ken,,,,,,,,,
Freedom Solar Energy,FL,127,8018,1,Justin,,,,,,,,,
Luz Energy Corporation,NM,128,148,1,Ken,,,,,,,,,
Southern Solar,TX,129,3273,1,Ken,,,,,,,,,
Stay Cool Air Cond & Heating Llc,FL,130,8018,1,Justin,,,,,,,,,
Streamline Energy Llc,TX,131,236,1,Ken,,,,,,,,,
"Strongbuilt, Llc",NM,132,148,1,Ken,,,,,,,,,
Sunlight Enterprises Inc,FL,133,5621,1,Justin,,,,,,,,94.4,
The Solar Guys,MO,134,3584,1,Guy,,,,,,,,,
V3 Electric Inc.,CA,135,6435,1,Rob,,,,,,,,,
1 Solar,CO,136,1875,1,Ken,,,,,,,,,
Big Dog Solar,ID,137,756,1,Rob,,,,,,,,,
California Solar Elec Co,CA,138,6552,1,Rob,,,,,,,,,
Cod-Day Star Solar Roofing & Const.,TX,139,1987,1,Ken,,,,,,,,,
Cod-Getsolarize,TX,140,1987,1,Ken,,,,,,,,,
Cross Atlantic Solar,FL,141,4560,1,Justin,,,,,,,,,
Enlightened Solar,FL,142,8618,1,Justin,,,,,,,,,
Geoscape Solar Llc,NJ,143,5887,1,Chris,,,,,,,,,
J & D Solar Consultants Group Inc,FL,144,8018,1,Justin,,,,,,,,,
Smart Energy Solar,FL,145,8618,1,Justin,,,,,,,,,
Solar Bear,FL,146,8618,1,Justin,,,,,,,,,
Solcius Llc,WI,147,4950,1,Guy,,,,,,,,,
Sugar Hollow Solar,NC,148,1132,1,Chris,,,,,,,,,
Sundial Solar Services Llc,FL,149,5621,1,Justin,,,,,,,,,
Sunny Mac Llc/Cod,DE,150,5887,1,Chris,,,,,,,,,
Sunpro Okc,OK,151,5364,1,Ken,,,,,,,,,
Dba Solar Kings,TX,152,1987,1,Ken,,,,,,,,,
Empire Solar Solutions,NY,153,1670,1,Chris,,,,,,,,,
Florida Power Services,FL,154,8618,1,Justin,,,,,,,,,
"Kasey Contracting Co, Inc",FL,155,8018,1,Justin,,,,,,,,,
Titan Solar,CO,156,1875,1,Ken,,,,,,,,,
Tron Solar,IL,157,4950,1,Guy,,,,,,,,,
Tron Solar Llc,IN,158,1045,1,Guy,,,,,,,,,
Ced - Albany,NY,159,9106,1,Chris,,,,,,,,,
Ced - Salt Lake City,UT,160,120,1,Rob,,,,,,,,,
Cod Sales,PA,161,5887,1,Chris,,,,,,,,,
Cod-Equisolar,AZ,162,8756,1,Ken,,,,,,,,,
"Cod-Soltech Energy, Llc",TX,163,1987,1,Ken,,,,,,,,,
High Noon Solar,CO,164,2685,1,Ken,,,,,,,,,
Palmetto Solar,NC,165,6058,1,Chris,,,,,,,,,
Powur Pbc,FL,166,8018,1,Justin,,,,,,,,,
Rayah Power Intergration Corp,MA,167,224,1,Chris,,,,,,,,,
Rising Sun,OK,168,3584,1,Ken,,,,,,,,,
Shinnova Solar,MO,169,3584,1,Guy,,,,,,,,,
Smart Energy Solar,TX,170,1987,1,Ken,,,,,,,,,
Solar Source,FL,171,8618,1,Justin,,,,,,,,,
Solcius,AZ,172,8756,1,Ken,,,,,,,,,
Sunblue Energy,NY,173,1670,1,Chris,,,,,,,,,
Sunpro Dba Marc Jones Construction,IL,174,3584,1,Guy,70.8,,,,,,,,
Vector Energy Dba Fusion Power Llc,AZ,175,8756,1,Ken,,,,,,,,,
"Castle Energy, Llc",NJ,176,5887,1,Chris,,,,,,,,,
Ced - Wallingford,CT,177,9106,1,Chris,,,,,,,,,
Ecovole,OK,178,3584,1,Ken,,,,,,,,,
Excel Home Solar Inc,FL,179,8018,1,Justin,,,,,,,,,
Green Brilliance,DC,180,9106,1,Chris,,,,,,,,,
Mclain D.b.a Solarworks Gj,CO,181,2685,1,Ken,,,,,,,,,
Michigan Solar And Roofing Llc,IN,182,1045,1,Guy,,,,,,,,,
Nathan Wood General Contractor,HI,183,9185,1,Rob,,,,,,,,,
New Jersey Clean Energy Solutions,NJ,184,5887,1,Chris,,,,,,,,,
Pm & M Elecric Dba Titan Solar,TX,185,1987,1,Ken,,,,,,,,,
Solar Sme,GA,186,236,1,Justin,,,,,,,,,
South Carolina,SC,187,224,1,Justin,,,,,,,,,
Speir Innovations Llc,TX,188,236,1,Ken,,,,,,,,,
Ced - Austin,FL,189,8018,1,Justin,,,,,,,,,
Cod Sales,TX,190,236,1,Ken,,,,,,,59,,
Cod Solar Acct Only,CA,191,7605,1,Rob,,,,,,,,,
Everlight Solar,MN,192,4664,1,Guy,,,,,,,,,
Green House Solar & Air Inc,FL,193,8018,1,Justin,,,,,,,,,
Imperium Electric,TX,194,1987,1,Ken,,,,,,,,,
Innovative Solar Energy,FL,195,5621,1,Justin,,,,,,,,,
Kuubix Global Llc,FL,196,5621,1,Justin,,,,,,,,,
"Lumio, Inc",FL,197,5888,1,Justin,,,,,,,,,
Onsite Energy,MT,198,821,1,Rob,,,,,,,,,
Profesional Electrical Services Inc,FL,199,5621,1,Justin,,,,,,,,,
Solaria Energy Solutions,FL,200,5621,1,Justin,,,,,,,,,
Synergy Solar,FL,201,5621,1,Justin,,,,,,,,,
C & C Contracting Solutions Llc,FL,202,8018,1,Justin,,,,,,,,,
Cod Sales,CO,203,1127,1,Ken,,,,,,,,,
Cod-Solustria Solar Llc,TX,204,1987,1,Ken,,,,,,,,,
Empower Energy Solutions,MA,205,4431,1,Chris,,,,,,,,,
Ion Solar Pros,CT,206,4984,1,Chris,,,,,,,,,
Isaksen Solar,MA,207,224,1,Chris,,,,,,,,,
Nw Electric And Solar,WA,208,8064,1,Rob,,,,,,,,,
Plug Pv Llc,FL,209,8018,1,Justin,,,,,,,,,
Revolution Energy Systems Inc,IL,210,1045,1,Guy,,,,,,,,,
Solgen Power Llc,WA,211,5971,1,Rob,,169.92,7080,,,,590,,
Sun Pro,OH,212,1154,1,Guy,,,,,,,,,
Sunpower,IL,213,4984,1,Guy,,,,,,,,,
Sunpower,CA,214,6435,1,Rob,,,,,,,,,
United Better Homes,RI,215,224,1,Chris,,,,,,,,,
Great Sky,MA,216,224,1,Chris,,,,,,,,,
Grne Solar,IA,217,987,1,Guy,,,,,,,,,
Milholland Electric,NM,218,148,1,Ken,,,,,,,,,
Rising Sun Epc,OK,219,236,1,Ken,,,,,,,,,
Solar My Home,FL,220,4560,1,Justin,,,,,,,,,
Summit Energy Group,MA,221,224,1,Chris,,,,,,,,,
United Better Homes,MA,222,224,1,Chris,,,,,,,,,
Carbon Recall Chattanooga,TN,223,6640,1,Guy,,,,,,,,,
Ced - Riverside,CA,224,8756,1,Rob,,,,,,,,,
Ced - Vineland,MD,225,1045,1,Chris,,,,,,,,,
Cod Sales,NC,226,6058,1,Chris,,,,,,,,,
Go Green Industries Inc,MA,227,224,1,Chris,,,,,,,,,
Hurricane Heroes,FL,228,5621,1,Justin,,,,,,,,,
Krannich Solar East Llc,NJ,229,5887,1,Chris,,,,,,,,,
Larsun Solar Llc,CA,230,6435,1,Rob,,,,,,,,,
Premier Renewables Llc,CO,231,1875,1,Ken,,,,,,,,,
Solar Advantage Llc,FL,232,8018,1,Justin,,,,,,,,,
Solar Cen Tex,TX,233,236,1,Ken,,,,,,,,,
Sunwatt Energy,NM,234,148,1,Ken,,,,,,,,,
Greenlight Solar - Tx,LA,235,236,1,Ken,,,,,,,,,
Infinium Solar,CA,236,7492,1,Rob,,,,,,,,,
Solar Five,MA,237,224,1,Chris,,,,,,,,,
Sunshine Renewable Solutions Shop,TX,238,3273,1,Ken,,,,,,,,,
Circa Energy,MD,239,9106,1,Chris,,,,,,,,,
Ecoliving Inc Dba Solar Ventures,CA,240,5733,1,Rob,,,,,,,,,
Our World Energy,AZ,241,8756,1,Ken,,,,,,,,,
Palmetto,MA,242,224,1,Chris,,,,,,,,,
Sunpro,VA,243,6408,1,Chris,,,,,,,,,
Switch Electric Llc,WA,244,8064,1,Rob,,,,,,,,,
**Cod** Detach And Reset Solar Llc,CO,245,1875,1,Ken,,,,,,,,,
Bright Home Solar Dba Florida Power,FL,246,8018,1,Justin,,,,,,,,,
Go Solar Power Llc,FL,247,4560,1,Justin,,,47.2,,575.84,184.08,,,
Infenergy Llc,FL,248,8018,1,Justin,,,,,,,,,
Palmetto Solar,IL,249,4950,1,Guy,,,,,,,,,
Sunnymac,DE,250,5887,1,Chris,,,,,,,,,
Sunrgy Llc,TX,251,236,1,Ken,,,,,,,,,
Capital - Tempe,AZ,252,6692,1,Ken,,,,,,,,,
Cod-The Sun Company,AZ,253,8756,1,Ken,,,,,,,,,
Ecovole,IA,254,987,1,Guy,,,,,,,,,
Insight Ventures Llc,MA,255,224,1,Chris,,,,,,,,,
Jeh Solar Llc,LA,256,1132,1,Ken,,,,,,,,,
Jolma Electric,WI,257,4407,1,Guy,,,,,,,,,
New Prarie Construction,IL,258,6640,1,Guy,,,,,,,,,
Northeast Solar Dba Revoluson,MA,259,224,1,Chris,,,,,,,,,
Positive Solar,AZ,260,8756,1,Ken,,,,,,,,,
"Solar Works, Llc",CO,261,1875,1,Ken,,,,,,,,,
Sunpro Solar,TX,262,239,1,Ken,,,,,,,,,
Tron Solar Llc,IL,263,1045,1,Guy,,,,,,,,,
Zenernet Llc,NE,264,3584,1,Guy,,,,,,,,,
Dani Grant Llc Dba Sunbility,FL,265,8018,1,Justin,,,,,,,,,
Eco Logical Energy Systems,VA,266,1132,1,Chris,,,,,,,,,
Zenernet Llc,KS,267,3584,1,Ken,,,,,,,,,
Affordable Solar Roof & Air,FL,268,8018,1,Justin,,,,,,,,,
Codsales,FL,269,5621,1,Justin,,,,,,,,,
Eos Electric Llc,TX,270,236,1,Ken,,,,,,,,,
Pm & M Electric Dba Titan Solar,CA,271,8756,1,Rob,,,,,,,,,
Solcius Llc,NM,272,148,1,Ken,,,,,,,,,
Sun Solar,MO,273,3584,1,Guy,,,,,,,,,
"**Cod** Mile High Solar Guy, Llc",CO,274,1875,1,Ken,,,,,,,,,
Alt E Wind & Solar,CO,275,2459,1,Ken,,,,,,,,,
Big Dog Energy,ID,276,5951,1,Rob,,,,,,,,,
Ced Dallas Gt,TX,277,3584,1,Ken,,,,,,,,,
Miami - Mer,FL,278,987,1,Justin,,,,,,,,,
Quest Solar -Quest Home Improvement,NY,279,1670,1,Chris,,,,,,,,,
Solar Energy Systems Of Brevard Inc,FL,280,8018,1,Justin,,,,,,,,,
Solar Generation,NY,281,120,1,Chris,,,,,,,,,
Cod Solar Earth Inc,CA,282,7605,1,Rob,,,,,,,,,
Design 1 Group,WV,283,6058,1,Chris,,,,,,,,,
"Elite Solar Arp Solutions, Llc.",TX,284,1987,1,Ken,,,,,,,,,
Executive Power,MD,285,9106,1,Chris,,,,,,,,,
Integrity Solar,NY,286,1670,1,Chris,,,,,,,,,
Pm & M Electric Dba Titan Solar,AZ,287,8756,1,Ken,,,,,,,,,
Pm & M Electric Dba Titan Solar,NV,288,8756,1,Rob,,,,,,,,,
**Cod** Smart Wave Solar,CO,289,1875,1,Ken,,,,,,,,,
American - Pueblo,CO,290,6026,1,Ken,,,,,,,,,
Fastrac,NV,291,4090,1,Rob,,,,,,,,,
On Point Solar Power Llc,AZ,292,8756,1,Ken,,,,,,,,,
Solar Energy Systems & Service Inc,FL,293,8018,1,Justin,,,,,,,,,
Sustainable Revolution Dba Sunblaze,AZ,294,8808,1,Ken,,,,,,,,,
Blue Raven Solar,CO,295,1127,1,Ken,,,,,,,,,
Inty Power,AZ,296,8756,1,Ken,,,,,,,,,
Namaste Solar Electric,CO,297,1875,1,Ken,,,,,,,,,
Solar States Llc,NJ,298,5887,1,Chris,,,,,,,,,
Boost Electric,TX,299,236,1,Ken,,,,,,,,,
Cod Sales,ID,300,3273,1,Rob,,,,,,,,,
Emt Renewable Llc,PA,301,5887,1,Chris,,,,,,,,,
J Sun Pv,MO,302,3584,1,Guy,,,,,,,,,
Peak Solar Designs,CO,303,6026,1,Ken,,,,,,,,,
Rooftop Power Llc,RI,304,224,1,Chris,,,,,,,,,
Skyline Solar/Cod,NJ,305,5887,1,Chris,,,,,,,,,
Solar Champs,FL,306,4560,1,Justin,,,,,,,,,
Sunpower,CT,307,4984,1,Chris,,,,,,,,,
Devlin Contracting & Maintenance,NH,308,224,1,Chris,,,,,,,,,
Energy Technology Services,FL,309,5621,1,Justin,,,,,,,,,
Palmetto Solar Dba Palmetto Clean T,FL,310,8018,1,Justin,,,,,,,,,
Atlantic Key Energy,AR,311,8018,1,Ken,,,,,,,,,
Elemental Energy,OR,312,5971,1,Rob,,,,,,,,,
Excela Solar,TX,313,1987,1,Ken,,,,,,,,,
Fresh Home/Brothers Reidhead,AZ,314,8756,1,Ken,,,,,,,,,
Impact Energy,CO,315,1875,1,Ken,,,,,,,,,
Nexus Energy Systems,CA,316,6435,1,Rob,,,,,,,,,
Quantum Solar Power,TX,317,1987,1,Ken,,,,,,,,,
Source Solar,IA,318,987,1,Guy,,,,,,,,,
All Phase - Stroudsburg,PA,319,3584,1,Chris,,,,,,,,,
Assured Contracting Llc,FL,320,4560,1,Justin,,,,,,,,,
Freedom Solar,CO,321,1875,1,Ken,,,,,,,,,
Green Leaf Solar & Electric,CA,322,7492,1,Rob,,,,,,,,,
Marc Jones Construction Llc Dba Sun,SC,323,1132,1,Justin,,,,,,,,,
Solar Planet,KS,324,3584,1,Ken,,,,,,,,,
Sunrun Installation Services,CA,325,7605,1,Rob,,,,,,,,,
Grne Solar,NE,326,5415,1,Guy,,,,,,,,,
Opal Energy Group,NJ,327,5887,1,Chris,,,,,,,,,
Smart Energy Solutions - Goodleap,TX,328,4391,1,Ken,,,,,,,,,
Solar Energy World,FL,329,8018,1,Justin,,,,,,,,,
Sunergy,TX,330,237,1,Ken,,,,,,,,,
Wells Solar & Electrical Svs Llc,TX,331,236,1,Ken,,,,,,,,,
Consolidated Hudson Electric,NY,332,1670,1,Chris,,,,,,,,,
Encor Solar,MO,333,3584,1,Guy,,,,,,,,,
Esa Solar Energy Llc,FL,334,5621,1,Justin,,,,,,,,,
Freedom Solar Tx,FL,335,236,1,Justin,,,,,,,,,
Infinite Solar Of El Paso Llc,TX,336,1987,1,Ken,,,,,,,,,
"Paradise Energy Solutions, Llc",NY,337,8460,1,Chris,,,,,,,,,
"Property Services Warranty, Inc",FL,338,4560,1,Justin,,,,,,,,,
The Solar Cowboys,TX,339,237,1,Ken,,,,,,,,,
Trismart Solar,NM,340,148,1,Ken,,,,,,,,,
Zenernet Llc,MO,341,3584,1,Guy,,,,,,,,,
Grounded Llc,MD,342,9106,1,Chris,,,,,,,,,
Lunex Power Inc,FL,343,8018,1,Justin,,,,,,,,,
Next Door Home Upgrades,CA,344,6435,1,Rob,,,,,,,,,
Starry Solar,OK,345,5364,1,Ken,,,,,84.96,,,,
Suncommon Rbk,NY,346,120,1,Chris,,,,,,,,,
Tri State Solar Services,NJ,347,1670,1,Chris,,,,,,,,,
"Zenernet, Llc",TX,348,236,1,Ken,,,,,,,,,
Exact Solar,PA,349,5887,1,Chris,,,,,,,,,
Excel,FL,350,5888,1,Justin,,,,,,,,,
Greater Texas Solar,TX,351,236,1,Ken,,,,,,,,,
La Solar Group,TX,352,237,1,Ken,,,,,,,,,
Marc Jones Construction Llc Dba Sun,GA,353,1132,1,Justin,,,,,,,,,
Renu Energy Solutions,NC,354,6058,1,Chris,,,,,,693,690,690,
Skyline Solar Llc,MA,355,224,1,Chris,,,,,,,,,
Solar Planet Llc,FL,356,5621,1,Justin,,,,,,,,,
Solar Sme,PA,357,236,1,Chris,,,,,,,,,
Az Sun Services,AZ,358,8756,1,Ken,,,,,,,,,
Cod - Sun Harvest Energy,FL,359,8018,1,Justin,,,,,,,,,
Gottschalk Solutions Llc,NY,360,1670,1,Chris,,,,,,,,,
Sky Blue Energy,TX,361,237,1,Ken,,,,,,,,,
Solar Solution Az Llc,AZ,362,8808,1,Ken,,,,,,,,,
Ce Team Inc,NJ,363,5887,1,Chris,,,,,,,,,
Cod Pacific Solar Homes,CA,364,7605,1,Rob,,,,,,,,,
Green Star Power Llc,TX,365,239,1,Ken,,,,,,,,,
Plug Pv Llc,NY,366,120,1,Chris,,,,,,,,,
Solcium Solar Llc,FL,367,5621,1,Justin,,,,,,,,,
Sunnymac,NJ,368,5887,1,Chris,,,,,,,,,
Accord Power,NY,369,5887,1,Chris,,,,,,,,,
Empwr Solar,VA,370,6408,1,Chris,,,,,,,,,
Neal Electric,NH,371,224,1,Chris,,,,,,,,,
Solar Sage,FL,372,5621,1,Justin,,,,,,,,,
Vision Solar,MA,373,224,1,Chris,,,,,,,,,
*Cod - Project Solar,FL,374,8018,1,Justin,,,,,,,,,
Cod-Vision Solar,AZ,375,8756,1,Ken,,,,,,,,,
Energy One,MO,376,3584,1,Guy,,,,,,,,,
Everguard Solar,NM,377,148,1,Ken,,,,,,,,,
City - San Leandro,CA,378,8064,1,Rob,,,,,,,,,
Independent Green Technologies Llc,FL,379,8018,1,Justin,,,,,,,,,
Mirasol Fafco Solar Inc.,FL,380,8018,1,Justin,,,,,,,,,
Momentum Solar,AZ,381,8756,1,Ken,,,,,,,,,
Mountain Power Solutions,CO,382,2685,1,Ken,,,,,,,,,
Oej Electric Llc,AZ,383,8756,1,Ken,,,,,,,,,
Sunpro,TX,384,3273,1,Ken,,,,,,,,,
Yes! Solar Solutions,NC,385,6058,1,Chris,,,,,,,,,
Big Dog Solar,CO,386,2685,1,Ken,,,,,,,,,
Design 1 Group,TN,387,6058,1,Guy,,,,,,,,,
Equisolar Inc,TX,388,239,1,Ken,,,,,,,,,
"Palmetto Clean Technology, Inc",OH,389,1154,1,Guy,,,,,,,,,
Pm&M Electric Dba Titan Solar,NM,390,148,1,Ken,,,,,,,,,
Reanimate Contractors,NJ,391,5887,1,Chris,,,,,,,,,
Solar Sme,NC,392,236,1,Chris,,,,,,,,,
Sunpower Corp.,CA,393,5040,1,Rob,,,,,,,,,
"Palmetto Clean Technology, Inc.",FL,394,5621,1,Justin,,,,,,,,,
Penguin Home Solutions Inc.,CA,395,6435,1,Rob,,,,,,,,,
Royal Wholesale Electric - Springville,UT,396,6692,1,Rob,,,,,,,,,
Cost Adjustments,TX,397,1987,1,Ken,,,,,,,,,
Hays Electrical,TX,398,3273,1,Ken,,,,,,,,,
Lumina Solar,MD,399,9106,1,Chris,,,,,,,,,
Renu Energy Solutions,SC,400,6058,1,Justin,,,,,,,,,
Booth Elec Dba Pure Solar,FL,401,8018,1,Justin,,,,,,,,,
Florida Sun Services,FL,402,5621,1,Justin,,,,,,,,,
Midwest Solar Power Llc,WI,403,4407,1,Guy,,,28.32,,,,,,
Sun Up Solar,NH,406,224,1,Chris,,,,,,,,,
Sunbadger Solar,MN,407,4664,1,Guy,,,,,,,,,
Vision Solar,NJ,408,8460,1,Chris,,,,,,,,,
816 Solar Pros,MO,409,3584,1,Guy,,,,,74.34,,,,
Florida Power Management,FL,410,5621,1,Justin,,,,,,,,,
Solcius Shop,NV,413,4090,1,Rob,,,,,,,,,
Solgen Electric,UT,414,6692,1,Rob,,,,,,,,,
365 Solar Energy Llc,NC,415,1132,1,Chris,,,,,,,,,
All Energy,MN,416,4664,1,Guy,,,,,,,,,
Blue Raven Solar,NC,419,1875,1,Chris,,,,,,,,,
Capital Sun Group,MD,420,9106,1,Chris,,,,,,,,,
Cod/Sunny Mac Llc,DE,421,5887,1,Chris,,,,,,,,,
Earthlight - Solar Only,CT,422,4984,1,Chris,,,,,,,,,
"Palmetto  Clean Technology, Inc.",NJ,423,5887,1,Chris,,,,,,,,,
Prepaid Sales,AZ,424,8756,1,Ken,,,,,,,,,
Sandbox Solar,CO,426,1875,1,Ken,,,,,,,,,
Sunpower,NJ,427,4984,1,Chris,,,,,,,,,
Sunpower Fl,FL,428,5621,1,Justin,,,,,,,,,
Az Sun Services-Ensemble Sunlight,AZ,429,8756,1,Ken,,,,,,,,,
Ced - Sacramento,CA,430,7605,1,Rob,,,,,,,,,
"Palmetto Clean Technology, Inc.",SC,431,1132,1,Justin,,,,,,,,,
"Solar Energy Consulting, Llc",AZ,432,8756,1,Ken,,,,,,,,,
365 Solar Energy Llc,SC,433,1132,1,Justin,,,,,,,,,
Energy Renovation Center,CA,434,6435,1,Rob,,,,,,,,,
Old Colonial Contracting Inc,MA,435,224,1,Chris,,,,,,,,,
Powur Pbc,NC,436,6058,1,Chris,,,,,,,,,
Cod Only,MD,438,9106,1,Chris,,,,,,,,,
Construction Art,FL,439,4560,1,Justin,,,,,,,,,
Elec3phase Electrical Contractors,FL,440,8618,1,Justin,,,,,,,,,
Rfk Solar,CA,441,6435,1,Rob,,,,,,,,,
Cod Sales,CT,442,4984,1,Chris,,,,,,,,,
Kw Solar Solutions,DE,444,5887,1,Chris,,,,,,,,,
Shippee Solar & Construction,CT,445,4984,1,Chris,,,,,,,,,
Soleil Energy Solutions Llc/Cod,TX,446,239,1,Ken,,,,,,,,,
"Suncor Solar Of Florida, Llc",FL,447,5888,1,Justin,,,,,,,,,
Dba Green Sun Solar Solutions,TX,449,1987,1,Ken,,,,,,,,,
Emerald Sun Savers,FL,450,5621,1,Justin,,,,,,,,,
Iowa Solar,IA,451,987,1,Guy,,,,,,,,,
Lifetime Solar,KS,452,3584,1,Ken,,,,,,,,,
Lunex Power Inc,MA,453,224,1,Chris,,,,,,,,,
Rethink Electric,IL,454,4950,1,Guy,,,,,,,,,
Rising Sun,KS,455,3584,1,Ken,,,,,,,,,
603 Electric,NH,456,224,1,Chris,,,,,,,,,
Cod Equisolar,NV,457,4090,1,Rob,,,,,,,,,
Cost Adjustments,FL,458,5888,1,Justin,,,,,,,,,
Green Solar Technologies,IA,459,4664,1,Guy,,,,,,,,,
Henderson Electric,CA,460,7605,1,Rob,,,,,,,,,
Morg,PA,461,5887,1,Chris,,,,,,,,,
Nivo Solar,TX,462,237,1,Ken,,,,,,,,,
Soleil Energy Solutions Llc,TX,463,236,1,Ken,,,,,,,,,
Sunlight Solar,VA,464,6408,1,Chris,,,,,,,,,
Sunnova Energy Corp-Direct Pay,AZ,465,8756,1,Ken,,,,,,,,,
Trinity Solar,MA,467,4984,1,Chris,,,,,,,,,
Cod Sales,WV,468,5887,1,Chris,,,,,,,,,
Green Brilliance,MD,469,9106,1,Chris,,,,,,23.6,,,
Sunlight Solar Energy Inc,CO,470,1127,1,Ken,,,,,,,,,
Trismart Solar,AZ,471,8756,1,Ken,,,,,,,,,
Huston Electric,IN,473,1045,1,Guy,,,,,,,,,
Imperial Solar Llc,TX,474,3273,1,Ken,,,,,,,,,
"Mayan Enterprises Of El Paso, Llc",TX,475,1987,1,Ken,,,,,,,,,
Atma Energy,TX,476,236,1,Ken,,,,,,,,,
Cod Sales,CA,477,7133,1,Rob,,,,,,,,,
Gardner Engineering,UT,478,6692,1,Rob,,,,,,,,,
"Palmetto Clean Technology, Inc.",GA,479,1132,1,Justin,,,,,,,,,
Ready Nation Contractors,FL,480,5888,1,Justin,,,,,,,,,
Solar Planet,MO,481,3584,1,Guy,,,,,,,,,
Solcius,WI,482,4407,1,Guy,,,,,,,,,
Expert Inc,FL,483,8018,1,Justin,,,,,,,,,
Smart Green Inc,RI,484,224,1,Chris,,,,,,,,,
"Avolta Power, Inc",CO,485,1875,1,Ken,,,,,,,,,
Ced - Orlando,FL,486,120,1,Justin,,,,,,,,,
Cod-Florida State Energy,FL,487,5621,1,Justin,,,,,,,,,
Dba Direct Energy Fl,FL,488,5621,1,Justin,,,,,,,,,
Sunsmart America,FL,489,4560,1,Justin,,,,,,,,,
Untd Energy,TX,490,239,1,Ken,,,,,,,,,
Usa Energy Savers,FL,491,1132,1,Justin,,,,,,,,,
All Phase - Stroudsburg,VA,492,5887,1,Chris,,,,,,,,,
All Solar Inspections,NJ,493,5887,1,Chris,,,,,,,,,
Beacon Solar,MA,494,224,1,Chris,,,,,,,,,
Cod Account,CA,495,6435,1,Rob,,,,,,,,,
"Encor Solar, Llc",TX,496,236,1,Ken,,,,,,,,,
Home Team Energy Inc,WI,498,4950,1,Guy,,,,,,,,,
Pacific Sun Technologies Inc,CA,499,6435,1,Rob,,,,,,,,,
Rise Solutions,NJ,500,5887,1,Chris,,,,,,,,,
Us Green Technologies,CT,501,4984,1,Chris,,,,,,,,,
Encor Solar,FL,502,8018,1,Justin,,,,,,,,,
Myo Investments Inc.,TX,503,237,1,Ken,,,,,,,,,
"Paradise Energy Solutions, Llc",VA,504,8460,1,Chris,,,,,,,,,
Solar Generation,MO,505,6640,1,Guy,,,,,,,,,
Suntuity,NJ,506,5887,1,Chris,,,,,,,,,
Doug Morgan/ Cod,NJ,507,5887,1,Chris,,,,,,,,,
Icon Energy,TX,508,237,1,Ken,,,,,,,,,
"Palmetto Clean Technology, Inc.",CO,509,1875,1,Ken,,,,,,,,,
"Solar Gain, Inc",AZ,510,8756,1,Ken,,,,,,,,,
Sunbadger Solar Llc,IL,511,1045,1,Guy,,,,,,,,,
Voltaic Solaire,NY,512,5887,1,Chris,,,,,,,,,
21st Century Power Solutions,MD,513,9106,1,Chris,,,,,,,,,
Bunddlex Llc Dba Equity Solar,FL,514,5621,1,Justin,,,,,,,,,
Innovative Solar,FL,515,8018,1,Justin,,,,,,,,,
Maine Energy Performance Solutions,ME,516,4422,1,Chris,,,,,,,,,
Palmetto Clean Technology,VA,517,6408,1,Chris,,,,,,,,,
"Palmetto Clean Technology, Inc.",IL,518,4950,1,Guy,,,,,,,,,
William May Electric,FL,519,8018,1,Justin,,,,,,,,,
Bright Planet Solar,CA,520,7133,1,Rob,,,,,,,,,
Cost Adjustments,MO,521,6640,1,Guy,,,,,,,,,
Eastern Ct Solar,CT,522,4984,1,Chris,,,,,,,,,
Neal Electric,ME,523,224,1,Chris,,,,,,,,,
Onsite Energy Inc,NY,524,1670,1,Chris,,,,,,,,,
"Palmetto Clean Technology, Inc.",PA,525,1132,1,Chris,,,,,,,,,
Pioneer Valley Photo Voltaics Co,MA,526,224,1,Chris,,,,,,,,,
Suncycle Renewable Energy Llc,NJ,527,5887,1,Chris,,,,,,,,,
Volt Seed,MA,528,224,1,Chris,,,,,,,,,
Adams Energy Llc,NH,529,224,1,Chris,,,,,,,,,
Axiom 360 Llc,CA,530,7605,1,Rob,,,,,,,,,
Summit Energy Group,RI,531,224,1,Chris,,,,,,,,,
Apex Solar Power Llc,NY,532,120,1,Chris,,,,,,,,,
Cod-Positive Energy Solar,FL,533,8018,1,Justin,,,,,,,,,
Devlin Contracting & Maintenance,RI,534,224,1,Chris,,,,,,,,,
Algae Environmental Fuels,FL,535,5621,1,Justin,,,,,,,,,
Alternative Solar,TX,536,236,1,Ken,,,,,,,,,
Cod Sales - Auburn,NH,537,224,1,Chris,,,,,,,,,
Icon Energy Llc,FL,539,8018,1,Justin,,,,,,,,,
Small Town Solar,CO,540,6026,1,Ken,,,,,,,,,
Zuni Electric,NM,541,1987,1,Ken,,,,,,,,,
***Vision Solar,TX,542,236,1,Ken,,,,,,,,,
Solar States Llc,PA,543,5887,1,Chris,,,,,,,,,
Solgen Power Llc,OR,544,5971,1,Rob,,,,,472,,,,
Active Energies,CO,545,1875,1,Ken,,,,,,,,,
Integrated Electrical Contractors,TX,546,1987,1,Ken,,,,,,,,,
Service Electric Usa,FL,547,5888,1,Justin,,,,,,,,,
Solarrx,FL,548,8618,1,Justin,,,,,,,,,
Cr Solar,IL,549,6640,1,Guy,,,,,,,,,
Greenway Roofing Of Fl,FL,550,5621,1,Justin,,,,,,,,,
Sunblue Energy,CT,551,1670,1,Chris,,,,,,,,,
Cod Sales,IN,553,3293,1,Guy,,,,,,,,,
Nj Solar Power,NJ,554,5887,1,Chris,,,,,,,,,
Pci Renewables,WA,555,8187,1,Rob,,,,,,,,,
Solgen Power Llc,OH,556,5971,1,Guy,,,,,,,,,
Streamline Solar Power Systems Llc,AZ,557,8756,1,Ken,,,,,,,,,
Sunnova Energy Corp - Direct Pay,FL,558,4560,1,Justin,,35.4,,,,,,,
"Palmetto Clean Technology, Inc.",NM,559,148,1,Ken,,,,,,,,,
Rock Solid Electric,ID,560,8187,1,Rob,,,,,,,,,
Smart Energy Solutions - Mosaic,TX,561,4391,1,Ken,,,,,,,,,
Cod Sales,WA,562,8064,1,Rob,,,,,,,47.2,,
Cr Solar,MO,563,6640,1,Guy,,,,,,,,,
Dav Roofing Dba Southern Sun Solar,TX,564,236,1,Ken,,,,,,,,,
Sunpro Dba Marc Jones Construction,IA,565,3584,1,Guy,,11.8,,,,,,,
Superior Solar/Cod,PA,566,5887,1,Chris,,,,,,,,,
Cal Sun Electric & Solar Systems,CA,567,7605,1,Rob,,,,,,,,,
Cod-Getsolarize,NM,568,1987,1,Ken,,,,,,,,,
Lippolis Electric,NY,569,1670,1,Chris,,,,,,,,,
Revision Energy Inc,NH,570,224,1,Chris,,,,,,,,,
Suncor Solar Of Florida,FL,571,8018,1,Justin,,,,,,,,,
Desert View Remodlers Dba Universal,AZ,572,8756,1,Ken,,,,,,,,,
Equisolar,AZ,573,8756,1,Ken,,,,,,,,,
Pacific Energy Network  Llc,CA,574,6435,1,Rob,,,,,,,,,
"Palmetto Clean Technology, Inc",MA,575,224,1,Chris,,,,,,,,,
Victory Solar Llc,TX,576,236,1,Ken,,,,,,,,,
J4 Energy Llc,NH,577,224,1,Chris,,,,,,,,,
Porticade Construction,CO,578,1875,1,Ken,,,,,,,,,
South Coast Solar,SC,579,1132,1,Justin,,,,,,,,,
Us Solar Development,PA,580,5887,1,Chris,,,,,,,,,
Victory Solar,TX,581,3273,1,Ken,,,,,,,,,
Ced - San Luis Obispo,FL,582,5621,1,Justin,,,,,,,,,
Freedom Solar Texas,FL,583,8018,1,Justin,,,,,,,,,
Green Electrical Solutions,CO,584,2685,1,Ken,,,,,,,708,,
Hammond,IL,585,4950,1,Guy,,,,,,,,,
Laplante Electric,ME,586,4422,1,Chris,,,,,,,,,
"Paradise Energy Solutions, Llc",PA,587,8460,1,Chris,,,,,,,,,
Brilliant Harvest,FL,588,8018,1,Justin,,,,,,,,,
Ced - Visalia,CA,589,2576,1,Rob,,,,,,,,,
Cod-Tucson Solar Pros,AZ,590,8756,1,Ken,,,,,,,,,
Florida Solar Services Llc,FL,591,5621,1,Justin,,,,,,,,,
Next Gen Solar & More,FL,592,8018,1,Justin,,,,,,,,,
Voltaic Solaire,PA,593,5887,1,Chris,,,,,,,,,
American Solar Partners,NY,594,1670,1,Chris,,,,,,,,,
Atlantic Key Construction Llc,FL,595,5621,1,Justin,,,,,,,,,
Marc Jones Llc Dba Sunpro Solar,NM,596,148,1,Ken,,,,,,,,,
Zenernet Llc,CA,597,6435,1,Rob,,,,,,,,,
Cod - Gulf Electrical Services Llc,FL,598,8018,1,Justin,,,,,,,,,
Voltaic Solaire,CT,599,5887,1,Chris,,,,,,,,,
Atlantic Key Construction,FL,600,5888,1,Justin,,,,,,,,,
Baseline Solar Solutions,VA,601,6408,1,Chris,,,,,,,,,
Sustainable Lighting Solutions Llc,SC,602,1132,1,Justin,,,,,,,,,
Ventara Dba Probid Energy,CO,603,1875,1,Ken,,,,,,,,,
"Zenernet, Llc",CO,604,1875,1,Ken,,,,,,,,,
Adt Solar,IN,605,1045,1,Guy,,,,,,,,,
Cod-Desert View Remodelers,AZ,606,8756,1,Ken,,,,,,,,,
Sound Energy,CO,607,6026,1,Ken,,,,,,,,,
816 Solar Pros,KS,608,3584,1,Ken,,,,,,,,,
Cod Sales,IA,609,987,1,Guy,,,,,,,,,
Kw Solar Solutions,NJ,610,5887,1,Chris,,,,,,,,,
Moody Mountain Solar,ME,611,4422,1,Chris,,,,,,,,,
603 Solar Llc,NH,612,224,1,Chris,,,,,,,,,
Go Green Energy Specialists,NJ,613,5887,1,Chris,,,,,,,,,
Off The Grid Solar,FL,614,5888,1,Justin,,,,,,,,,
Sunpower Corporation,AZ,615,8756,1,Ken,,,,,,,,,
T J Technology / Cod,NJ,616,5887,1,Chris,,,,,,,,,
Adt Solar,NC,617,6058,1,Chris,,,,,,,,,
Adt Solar,VA,618,6408,1,Chris,,,,,,,,,
Cod-Empire Refrigeration Solar,TX,619,1987,1,Ken,,,,,,,,,
Doug Morgan / Cod,NJ,620,5887,1,Chris,,,,,,,,,
Encor,TX,621,3273,1,Ken,,,,,,,,,
Equisolar,FL,622,5621,1,Justin,,11.8,37.76,47.2,,,,,
Equisolar,CA,623,6435,1,Rob,,,,,,,,,
Plug Pv Llc,IN,624,1045,1,Guy,,,,,,,,,
Sunpro Dba Marc Jones Construction,OK,625,3584,1,Ken,,,,,,,,,
Sunpro Dba Marc Jones Construction,OH,626,3584,1,Guy,,,,,,,,,
Superior Solar/Cod,NJ,627,5887,1,Chris,,,,,,,,,
Adt Solar,GA,628,1132,1,Justin,,,,,,,,,
New Prairie Construction,IL,629,6640,1,Guy,,,,,,,,,
Nexus Energy Systems,VA,630,6408,1,Chris,,,,,,,,,
Ax Co Solar & Roofing,CO,631,6026,1,Ken,,,,,,,,,
Cod-Vale Sollar,FL,632,5621,1,Justin,,,,,,,,,
Green Brilliance,VA,633,9106,1,Chris,,,,,,,,,
"Kapital Electric, Inc",IL,635,4950,1,Guy,,,,,,,,,
Nerd Power,CA,636,6435,1,Rob,,,,,,,,,
Encor Solar Llc,FL,637,6435,1,Justin,,,,,,,,,
Modern Era Solar Llc,TX,638,236,1,Ken,,,,,,,,,
Cod-Sunvena Solar Llc,FL,639,8618,1,Justin,,,,,,,,,
"Palmetto  Clean Technology, Inc.",PA,640,5887,1,Chris,,,,,,,,,
Powur Pbc,CA,641,6435,1,Rob,,,,,,,,,
Solar Impulse,MA,642,4431,1,Chris,,,,,,,,,
Sunpro Dba Marc Jones Construction,AR,643,3584,1,Ken,,,,,,,,,
Trismart Solar Llc,AZ,645,236,1,Ken,,,,,,,,,
Burke Electric,CA,646,6435,1,Rob,,,,,,,,,
Cod Sales,IL,647,4950,1,Guy,,,,,,,,,
"Cod-Pandora Energy Solutions, Llc",TX,648,1987,1,Ken,,,,,,,,,
"Palmetto Clean Technology, Inc",GA,649,6058,1,Justin,,,,,,,,,
Perihelion Solar,AR,650,3584,1,Ken,,,,,,,,,
Pioneer Solar,CA,651,6552,1,Rob,,,,,,,,,
Smart Energy Solutions Llc,TX,652,4391,1,Ken,,,,,,,,,
Cod Sales - Auburn,RI,653,224,1,Chris,,,,,,,,,
Deca,TX,654,237,1,Ken,,,,,,,,,
Elevated Independent Energy,CO,655,1875,1,Ken,,,,,,,,,
Ji Electric,CA,656,6435,1,Rob,,,,,,,,,
Kaw Valley,MO,657,3584,1,Guy,,,,,,,,,
Renewable Energy Solutions Llc,RI,658,224,1,Chris,,,,,,,,,
Solar Me,NJ,659,5887,1,Chris,,,,,,,,,
Apex Solar Power Llc,MA,660,224,1,Chris,,,,,,,,,
Fobare & Co.,NY,661,120,1,Chris,,,,,,,,,
Novasource In Care Of Sst Construct,CO,662,1875,1,Ken,,,,,,,,,
Powerfactor,MD,663,9106,1,Chris,,,,,,,,,
Psalm 112 Llc Dba Tucson Solar Pros,AZ,664,8756,1,Ken,,,,,,,,,
Azimuth Renewable Energy,CT,665,5887,1,Chris,,,,,,,,,
Lifetime Solar,IA,666,3584,1,Guy,,,,,,,,,
Solar Sam Dba Show Me Star Energy,MO,667,3584,1,Guy,,,,,,,,,
Tephra Solar,CO,668,1127,1,Ken,,,,,,,,,
Adt Solar,OH,669,1045,1,Guy,,,,,,,,,
Cod-Home Improvement,FL,670,5621,1,Justin,,,,,,,,,
Gansett Solar Llc,RI,671,224,1,Chris,,,,,,,,,
Grne Solar,IN,672,1045,1,Guy,,,,,,,,,
Harness Power (Formerly Larsun),CA,673,6435,1,Rob,,,,,,,,,
Michigan Solar And Roofing,IA,674,987,1,Guy,,,,,,,,,
Solar Energy World,NJ,675,5887,1,Chris,,,,,,,,,
Sustainable Energy Group,CA,676,6552,1,Rob,,,,,,,,,
Barrett Solar,MO,677,3584,1,Guy,,,,,,,,,
Celestar Solar,IL,678,1045,1,Guy,,,,,,,,,
Lifetime Solar,MO,679,3584,1,Guy,,,,,,,,,
Sige Solar,IN,680,1045,1,Guy,,,,,,,,,
Sunsmart Technologies,MO,681,3584,1,Guy,,729.98,,,,,,,
Vision Solar,TX,682,236,1,Ken,,,,,,,,,
Ced Austin Gt,TX,683,1045,1,Ken,,,,,,,,,
Cod Sales - Auburn,MA,684,224,1,Chris,,,,,,,,,
Cod-The Solar Exchange,AZ,685,8756,1,Ken,,,,,,,,,
Sige Solar,IL,686,1045,1,Guy,,,,,,,,,
Solar Specialist Inc,FL,687,5621,1,Justin,,,,,,,,,
Sunbadger Solar Llc,MN,688,1045,1,Guy,,,,,,,,,
Sunbadger Solar Llc,WI,689,1045,1,Guy,,,,,,,,,
Volt Solar Solutions,FL,690,8618,1,Justin,,,,,,,,,
**Cod** Grity Power,CO,691,6026,1,Ken,,,,,,,,,
"Fluent Solar, Llc",NC,692,6058,1,Chris,,,,,,,,,
Ionix Solar,CO,693,1875,1,Ken,,,,,,,,,
Velocity Energy & Home Solutions,NJ,695,5887,1,Chris,,,,,,,,,
Zenith/Deca,TX,696,236,1,Ken,,,,,,,,,
**Cod** Glaser Solar Inc.,CO,697,1875,1,Ken,,,,,,,,,
4pro,FL,698,5621,1,Justin,,,,,,,,,
Williamson Roofing/Renergy,TX,699,239,1,Ken,,,,,,,,,
Cod-Trinity Electrical Contractors,TX,700,1987,1,Ken,,,,,,,,,
Home Pros Of America Llc,FL,701,8018,1,Justin,,,,,,,,,
Lumio Hx Inc.,TX,702,237,1,Ken,,,,,,,,,
"Palmetto Clean Technology, Inc",NC,703,6058,1,Chris,,,,,,,,,
Solar Grids Quad Cities,IA,704,987,1,Guy,,,,,,,,,
Renewable Energy Services Of Ne Inc,RI,705,224,1,Chris,,,,,,,,,
Cod Sales Stroudsburg,PA,706,8460,1,Chris,,,,,,,,,
Daylight Electrical,TX,707,1987,1,Ken,,,,,,,,,
Sbs Solar Inc.,MT,708,821,1,Rob,,,,,,,,,
Solar Tech Elec,FL,709,8618,1,Justin,,,,,,,,,
Alternative Electrical Contractors,TX,710,1987,1,Ken,,,,,,,,,
Consolidated Electrical Dist. Inc,CA,711,7605,1,Rob,,,,,,,,,
G1:3solar,OK,712,5364,1,Ken,,,,,,,,,
Missouri Solar Solutions,MO,713,3584,1,Guy,,,,,,,,,
Valley Solar Llc,MA,714,224,1,Chris,,,,,,,,,
Adt Solar,IL,715,1045,1,Guy,,,,,,,,,
American Solar Repair,NY,716,9106,1,Chris,,,,,,,,,
Buffalo Solar Solutions Inc,NY,717,6462,1,Chris,,,,,,,,,
Cod - Solar Consolidated,FL,718,8018,1,Justin,,,,,,,,,
Energy Consultants Group,IA,719,987,1,Guy,,,,,,,,,
Obsidian Solar,TX,720,3273,1,Ken,,,,,,,,,
Daybreak Install,FL,722,239,1,Justin,,,,,,,,,
Infinity Energy,ID,723,5040,1,Rob,,,,,,,,,
Iq Power Llc,FL,724,5621,1,Justin,,,,,,,,,
Sunlectric,CA,725,8797,1,Rob,,,,,,,,,
**Cod** Thor Electric Llc,CO,726,1875,1,Ken,,,,,,,,,
Florida Eco Electric Llc,FL,727,5888,1,Justin,,,,,,,,,
Samba Energy,NY,728,8460,1,Chris,,,,,,,,,
Excel Home Solar,FL,729,8018,1,Justin,,,,,,,,,
"Fresh Coast Solar, Llc",IL,730,4950,1,Guy,,,,,,,,,
Green Solar Technologies,AR,731,236,1,Ken,,,,,,,,,
Rising Sun,TX,732,3273,1,Ken,,,,,,,,,
Solcius Llc,UT,733,181,1,Rob,,,,,,,,,
Titan Solar,FL,734,4560,1,Justin,,,,,,,,,
Future Energy Solar,MA,735,224,1,Chris,,,,,,,,,
Homeowner/ 1 Time Sale,MO,736,3584,1,Guy,,,,,,,,,
Paradise Energy Solutions,NY,737,6462,1,Chris,,,,,,,,,
Power Guru,VT,738,120,1,Chris,,,,,,,,,
Savant,MA,739,224,1,Chris,,,,,,,,,
American Power-Cod,TX,740,236,1,Ken,,,,,,,,,
Cod - Solar Tech Elec,FL,741,8018,1,Justin,,,,,,,,,
Excel Home Solar,MO,742,6640,1,Guy,,,,,,,,,
Kruestzfeldt Construction,CA,743,7953,1,Rob,,,,,,,,,
"Sed Inc, Dba Greenspark Solar",NY,744,6462,1,Chris,,,,,,,,,
Azimuth Renewable Energy,NJ,745,5887,1,Chris,,,,,,,,,
New England Clean Energy,MA,746,224,1,Chris,,,,,,,,,
Nuwatt Energy,MA,747,224,1,Chris,,,,,,,,,
Seamless Solar,NY,748,120,1,Chris,,,,,,,,,
American Solar Repair,MD,750,9106,1,Chris,,,,,,,,,
Cod - Noble Solar,VA,751,6408,1,Chris,,,,,,,,,
Excel Home Solar,IL,752,6640,1,Guy,,,,,,,,,
Lippolis Electric,CT,753,1670,1,Chris,,,,,,,,,
My Roof Usa,TX,754,237,1,Ken,,,,,,,,,
Power Guru,NY,755,120,1,Chris,,,,,,,,,
Powerbill Solutions Llc,FL,756,8018,1,Justin,,,,,,,,,
Proud American,CO,757,1127,1,Ken,,,,,,,,,
"Sun Services Usa, Llc",AZ,758,8756,1,Ken,,,,,,,,,
West Bay Energy,FL,759,8018,1,Justin,,,,,,,,,
Bluesky,MN,760,4664,1,Guy,,,,,,,,,
Cod-Roofnow,TX,761,1987,1,Ken,,,,,,,,,
Ced - San Luis Obispo,CA,762,8618,1,Rob,,,,,,,,,
Marc Jones Const. Llc Dba Sunpro,CO,763,1875,1,Ken,,,,,,,,,
Natural Power Sources Dba Suntuity,CO,764,1875,1,Ken,,,,,,,,,
"Palmetto Clean Technology, Inc.",MD,765,9106,1,Chris,,,,,,,,,
Empower Solar,CA,766,8797,1,Rob,,,,,,,,,
Great Sky,NH,767,224,1,Chris,,,,,,,,,
Moxie,IA,768,987,1,Guy,,,,,,,,,
"Rethink Electric, Llc.",IL,769,1045,1,Guy,,,,,,,,,
Sky Power Arizona Llc,AZ,770,8756,1,Ken,,,,,,,,,
Sun Dial Solar,NH,771,224,1,Chris,,,,,,,,,
Ecomark Sales Inc.,CO,772,1875,1,Ken,,,,,,,,,
"Green Seal Environmental, Inc",MA,773,224,1,Chris,,,,,,,,,
Plug Pv Llc,MA,774,224,1,Chris,,,,,,,,,
Smart Green Inc,MA,775,224,1,Chris,,,,,,,,,
Blue Horizon Energy,MN,776,4664,1,Guy,,,,,,,,,
Cod - Tampa Bay Solar,FL,777,8618,1,Justin,,,,,,,,,
Etd Solar Services Llc,FL,778,8018,1,Justin,,,,,,,,,
Efficient Home Services Of Texas,TX,779,237,1,Ken,,,,,,,,,
South Coast Solar,LA,780,1132,1,Ken,,,,,,,,,
3d Energy,FL,781,5621,1,Justin,,,,,,,,,
Hudson River Solar,MA,782,120,1,Chris,,,,,,,,,
Accord Power,NJ,784,5887,1,Chris,,,,,,,,,
Cod Only,FL,785,9106,1,Justin,,,,,,,,,
Green Box Solar,UT,786,6692,1,Rob,,,,,,,,,
New England Clean Energy,RI,787,224,1,Chris,,,,,,,,,
Payoli Llc,FL,788,4560,1,Justin,,11.8,47.2,,,,,,
Icon Energy,CO,789,1127,1,Ken,,,,,,,,,
Morval Corporation,TX,790,1987,1,Ken,,,,,,,,,
"Plugpv, Llc",NY,791,120,1,Chris,,,,,,,,,
Cod Sales,AL,792,5888,1,Justin,,,,,,,,,
Monument Solar,TX,793,237,1,Ken,,,,,,,,,
Sustulis,MT,794,821,1,Rob,,,,,,,,,
Titus Roofing And Solar,MO,795,3584,1,Guy,,,,,,,,,
Ec Company,OR,796,5971,1,Rob,,,,,,,,,
Florida Electric And Solar,FL,797,5888,1,Justin,,,,,,,,,
Independent Power Systems,MT,798,821,1,Rob,,,,,,,,,
Solar Installation Group (Sig),CA,799,8797,1,Rob,,,,,,,,,
Sun Valley Renewables,KS,800,3584,1,Ken,,,,,,,,,
Sustainable Energy & Lighting Solut,NC,801,6058,1,Chris,,,,,,,,,
Adt Solar,CO,802,1875,1,Ken,,,,,,,,,
Cs Elite Llc,CA,803,6435,1,Rob,,,,,,,,,
Sun4,FL,804,4560,1,Justin,,,,,,,,,
"Sunrgy, Llc",FL,805,5888,1,Justin,,,,,,,,,
Superior Solar Usa,NY,806,1670,1,Chris,,,,,,,,,
Bozeman Green Build,MT,807,821,1,Rob,,,,,,,,,
Jordan Solar,MT,808,4639,1,Rob,,,,,,,,,
New Wave Power,TX,809,236,1,Ken,,,,,,,,,
Obsidian Solar,AR,810,3273,1,Ken,,,,,,,,,
"Palmetto Clean Technology, Inc.",MI,811,960,1,Guy,,,,,,,,,
Santa Energy,CT,812,1670,1,Chris,,,,,,,,,
Solcius Utah,UT,813,6612,1,Rob,,,,,,,,,
Adt Solar,FL,814,8618,1,Justin,,,,,,,,,
Cod - Sales,IN,815,1045,1,Guy,,,,,,,,,
Dawn To Dusk Solar,TX,816,237,1,Ken,,,,,,,,,
Professional Electrical Services,FL,817,5621,1,Justin,,,,,,,,,
Tac Solar & Ac,TX,818,237,1,Ken,,,,,,,,,
Waldo Renewable Eletric,CT,819,4984,1,Chris,,,,,,,,,
Avisun Renewable Energy Llc,OH,820,120,1,Guy,,,,,,,,,
Cod - Sales,IL,821,1045,1,Guy,,,,,,,,,
Elbac Solar (Freestar Inc),CA,822,6435,1,Rob,,,,,,,,,
Zenith Security Dba Deca,TX,824,239,1,Ken,,,,,,,,,
Nu Look Solar,VA,825,9106,1,Chris,,,,,,,,,
Volt Solar Solutions,MD,826,9106,1,Chris,,,,,,,,,
Az Solar Wave,AZ,827,8756,1,Ken,,,,,,,,,
Green2electric Inc,MN,828,4664,1,Guy,,,118,,,,,,
Lg Solar Llc,TX,829,237,1,Ken,,,,,,,,,
Sundial Solar Llc,AZ,830,8756,1,Ken,,,,,,,,,
Kc Solar,MO,831,3584,1,Guy,,,,,,,,,
Midwest Electric Solar Llc,KS,832,3584,1,Ken,,,,,,,,,
Solcius Llc,TX,833,237,1,Ken,,,,,,,,,
603 Solar Llc,ME,834,224,1,Chris,,,,,,,,,
Phase Out Electric,CT,835,4984,1,Chris,,,,,,,,,
All Phase Construction,FL,836,4560,1,Justin,,,,,,,,,
Fluent Solar,NC,837,6058,1,Chris,,,,,,,,,
Fluent Solar,CO,838,1875,1,Ken,,,,,,,,,
New York Solar Maintenance/Cod,NY,839,5887,1,Chris,,,,,,,,,
New York Solar Maintenance/Cod,CT,840,5887,1,Chris,,,,,,,,,
Solar Construction,FL,841,4560,1,Justin,,,,,,,,,
Adt Solar Llc,NC,842,6058,1,Chris,,,,,,,,,
Degrave's Electric,CO,843,6026,1,Ken,,,,,,,,,
Good Energy Solutions,KS,844,3584,1,Ken,,,,,,,,,
"Infenergy, Llc",FL,845,8618,1,Justin,,,,,,,,,
Powur Pbc,NJ,846,5887,1,Chris,,,,,,,,,
Pure Energy Inc.,CO,847,1127,1,Ken,,,,,,,,,
Alutech United Inc,DE,848,5887,1,Chris,,,,,,,,,
Cod Sales,NV,849,4090,1,Rob,,,,,,,,,
"Electrical Systems Solutions, Inc.",WA,850,8064,1,Rob,,,,,,,,,
Exact Solar,NJ,851,5887,1,Chris,,,,,,,,,
Hytek Energy-Cod,NJ,852,5887,1,Chris,,,,,,,,,
Lgcy Power,NC,853,6058,1,Chris,,,,,,,,,
New Columbia Solar,MD,854,9106,1,Chris,,,,,,,,,
City - San Leandro,CO,856,1875,1,Ken,,,,,,,,,
Michael W Fink Electrical Inc,FL,857,8018,1,Justin,,,,,,,,,
Starlt,TX,858,239,1,Ken,,,,,,,,,
Zenith Security,TX,859,3273,1,Ken,,,,,,,,,
Charged Up Energy Dba Alexs Service,CA,861,6435,1,Rob,,,,,,,,,
Encor Solar,TX,862,3584,1,Ken,,,,,,,,,
"Palmetto Clean Technology, Inc",TX,863,237,1,Ken,,,,,,,,,
Cod Sales,MT,864,4639,1,Rob,,,,,,,,,
Kc Solar,KS,865,3584,1,Ken,,,,,,,,,
New York Solar Maintenance/Cod,PA,866,5887,1,Chris,,,,,,,,,
Quest Solar -Quest Home Improvement,NJ,867,1670,1,Chris,,,,,,,,,
Ace Residential Solar Llc,MA,868,224,1,Chris,,,,,,,,,
Amistad Trucking,TX,869,239,1,Ken,,,,,,,,,
Blue Sky Satellite Services,KS,870,987,1,Ken,,,,,,,,,
Channel Linx Tech Dba Shield Energy,CO,871,1875,1,Ken,,,,,,,,,
Cod Sales,ME,872,4422,1,Chris,,,,,,,,,
Florida Electric & Solar,FL,873,8018,1,Justin,,,,,,,,,
"Fuze, Inc.",FL,874,8018,1,Justin,,,,,,,,,
Gulf Electrical Services Llc,FL,875,8618,1,Justin,,,,,,,,,
Infinity Energy,CO,876,5040,1,Ken,,,,,,,,,
New York Solar Maintenance/Cod,NJ,877,5887,1,Chris,,,,,,,,,
Solar Energy Services,MD,878,9106,1,Chris,,,,,,,,,
South Sound Solar,WA,879,8064,1,Rob,,,,,,,,,
Sunergy Solutions,MA,880,224,1,Chris,,,,,,,,,
Just Click Solar,CA,881,2576,1,Rob,,,,,,,,,
Ridgline Roofing And Solar,MO,882,3584,1,Guy,,,,,,,,,
Bright Planet Solar,IL,883,4950,1,Guy,,,,,,,,,
Erickson Electric,CA,884,7605,1,Rob,,,,,,,,,
Lunex Power Inc,CT,885,4984,1,Chris,,,,,,,,,
Achieve Solar,FL,886,8018,1,Justin,,,,,,,,,
Get Solarize,TX,887,237,1,Ken,,,,,,,,,
Blossom Solar,WA,889,8064,1,Rob,,,,,,,,,
Mann Solar,GA,890,1132,1,Justin,,,,,,,,,
Onpoint Solar Power,TX,891,237,1,Ken,,,,,,,,,
Sky Country Solar,CA,892,6435,1,Rob,,,,,,,,,
Texas Solar Integrated,TX,893,3273,1,Ken,,,,,,,,,
Emerald Energy,NC,894,6058,1,Chris,,,,,,,,,
Enlight Energy,CT,895,4984,1,Chris,,,,,,,,,
Blue Raven Solar,KS,896,3584,1,Ken,,,,,,,,,
Genrenew,NJ,897,5887,1,Chris,,,,,,,,,
Lumio Hx Inc.,OR,898,5971,1,Rob,,,,,,,,,
Our World Energy,NM,899,148,1,Ken,,,,,,,,,
Wells Solar - Cod,TX,900,236,1,Ken,,,,,,,,,
Covenant Solar,NC,901,6058,1,Chris,,,,,,,,,
Design 1 Group,KY,902,6058,1,Guy,,,,,,,,,
Detail Solar,SC,903,1132,1,Justin,,,,,,,,,
Gpe,CT,904,8460,1,Chris,,,,,,,,,
Green Solar Technologies,PA,905,8460,1,Chris,,,,,,,,,
Kingdom Solar,CA,906,8797,1,Rob,,,,,,,,,
Mann Solar,KY,907,1154,1,Guy,,,,,,,,,
Top Tier Solar Solutions,NC,908,6058,1,Chris,,,,,,,,,
Independent Power Generation,WA,910,8187,1,Rob,,,,,,,,,
Strawberry Solar,MI,911,960,1,Guy,,,,,,,,,
Sun Energy Co,TX,912,3273,1,Ken,,,,,,,,,
Team Sunshine,MA,913,224,1,Chris,,,,,,,,,
Affordable Solar,ME,914,4422,1,Chris,,,,,,,,,
Pacific Energy Network  Llc,MO,916,6435,1,Guy,,,,,,,,,
Region/Renewable Solar,FL,917,8018,1,Justin,,,,,,,,,
Rethink Electric Llc,IL,918,4950,1,Guy,,,590,,,,,,
South Texas Solar Systems,TX,919,239,1,Ken,,,,,,,,,
Titan Solar Power,NC,920,6058,1,Chris,,,,,,,,,
Greenhouse Solar Dba Infinity Solar,TX,921,237,1,Ken,,,,,,,,,
Cod,SC,924,1132,1,Justin,,,,,,,,,
Desert View Remodlers,NV,925,4090,1,Rob,,,,,,,,,
Ibermex Capital Llc,TX,926,239,1,Ken,,,,,,,,,
Dement Electric Inc.,NM,927,1987,1,Ken,,,,,,,,,
Solar Power Nw,WA,928,8801,1,Rob,,,,,,,51.92,47.2,
Streamline Solar,AZ,929,4090,1,Ken,,,,,,,,,
Integrity Solar,NJ,930,1670,1,Chris,,,,,,,,,
Quest Solar -Quest Home Improvement,CT,931,1670,1,Chris,,,,,,,,,
Solar 365,TX,932,239,1,Ken,,,,,,,,,
Straightup Solar,MO,933,6640,1,Guy,,,,,,,,,
Lumio Hx Inc,TX,934,237,1,Ken,,,,,,,,,
"Positivesynergyllc,Dba Havasu Solar",NV,936,4090,1,Rob,,,,,,,,,
Sunpower Corporation,IL,937,4950,1,Guy,,,,,,,,,
Caballero's Electric,NV,938,4090,1,Rob,,,,,,,,,
Hammer & Bell/Cod,PA,939,5887,1,Chris,,,,,,,,,
Poulin Design Remodeling,NM,940,148,1,Ken,,,,,,,,,
Dynamic Solar & Electric Nw Corp,WA,941,5971,1,Rob,,,,,,,,,
Elite Energy Consultants,CT,942,4984,1,Chris,,,,,,,,,
Empire Refrigeration,TX,943,1987,1,Ken,,,,,,,,,
Florida Solar Power,FL,944,8018,1,Justin,,,,,,,,,
"Lumio Hx, Inc",TX,945,239,1,Ken,,,,,,,,,
Sun Services Usa Llc,NV,946,4090,1,Rob,,,,,,,,,
Wilderness Trace Solar,KY,947,1132,1,Guy,,,,,,,,,
"Csa Electrical, Llc",NM,949,1987,1,Ken,,,,,,,,,
Expert Solar,VA,950,6058,1,Chris,,,,,,,,,
Roofnow,TX,951,1987,1,Ken,,,,,,,,,
Shield Energy (Former Channel Linx),CA,952,6435,1,Rob,,,,,,,,,
Standard Eco/Cod,TX,953,239,1,Ken,,,,,,,,,
Sunlux,CA,954,6435,1,Rob,,,,,,,,,
Sunsmart Technologies,KS,955,3584,1,Ken,,,,,,,,,
Titan Solar Power,NJ,956,5887,1,Chris,,,,,,,,,
Maxfield Solar,UT,957,6692,1,Rob,,,,,,,,,
Momentum Solar,FL,958,5621,1,Justin,,,,,,,,,
Westco Construction,TX,959,237,1,Ken,,,,,,,,,
Cod Blue Planet Water And Power Co.,CA,960,7605,1,Rob,,,,,,,,,
Diamond Solar,CA,961,1024,1,Rob,,,,,,,,,
Empower Energy Solutions,NH,962,224,1,Chris,,,,,,,,,
Gensun,NJ,963,5887,1,Chris,,,,,,,,,
Ion Solar Pros,NY,964,4984,1,Chris,,,,,,,,,
Kps Solar - Horizons,FL,965,4560,1,Justin,,,,,,,,,
Lumio Hx Inc,SC,966,1132,1,Justin,,,,,,,,,
Native Solutions Dba-Happy Solar,CO,967,1875,1,Ken,,,,,,,,,
Skycharge Solar,OH,968,1154,1,Guy,,,,,,,,,
Solcius,MN,969,4664,1,Guy,,,,,,,,,
Sun Harvest,FL,970,5621,1,Justin,,,,,,,,,
Texas Powered By Solar,TX,971,239,1,Ken,,,,,,,,,
Centaur Roofing And Construction,FL,972,5621,1,Justin,,,,,,,,,
Cod Sales,OK,973,5364,1,Ken,,,,,,,,,
Cod Sales,OR,974,4450,1,Rob,,,,,,,,,
Deep Canyon Llc,AZ,975,8756,1,Ken,,,,,,,,,
Fluent Solar,KS,976,3584,1,Ken,,,,,,,,,
Glyde Solar Llc,CO,977,1127,1,Ken,,,,,,,,,
Jolma Electric Llc,WI,978,4950,1,Guy,,,,,,,,,
Lumina Sun,MT,979,821,1,Rob,,,,,,,,,
Lumio Hx Inc.,NJ,980,5887,1,Chris,,,,,,,,,
Modern Power,MO,981,3584,1,Guy,,,,,,,,,
Pm & M Elecric Dba Titan Solar,NJ,982,1987,1,Chris,,,,,,,,,
"Sky Solar Energy, Inc",FL,983,8018,1,Justin,,,,,,,,,
Wells Solar & Electrical,TX,984,237,1,Ken,,,,,,,,,
Alternate Electric Solar,TX,985,1987,1,Ken,,,,,,,,,
Lumio,CA,986,2576,1,Rob,,,,,,,,,
Lumio Hx Inc,CA,987,311,1,Rob,,,,,,,,,
"Positivesynergyllc,Dba Havasu Solar",AZ,988,4090,1,Ken,,,,,,,,,
Cod Sales,OH,989,1154,1,Guy,,,,,,,,,
Cod Sales,MO,990,6640,1,Guy,,,,,,,,,
Go Solar Power Llc,CA,991,4560,1,Rob,,,59,,,,,,
Powur Pbc,TX,993,237,1,Ken,,,,,,,,,
"Skyfox Energy, Inc.",TX,994,1987,1,Ken,,,,,,,,,
Solar Planet Llc,GA,995,5621,1,Justin,,,,,,,,,
Circuit Electric Solar,FL,996,8018,1,Justin,,,,,,,,,
Eco-Depot,WA,997,8187,1,Rob,,,,,,,,,
Rise Power Llc,TX,998,237,1,Ken,,,,,,,,,
Sunshine Solar Inc.,OR,999,5971,1,Rob,,,,,,,,,
Bracket Ut,FL,1000,5621,1,Justin,,,,,,,,,
Cdl Electric,KS,1001,3584,1,Ken,,,,,,,,,
Ced - Riverside,KS,1002,3584,1,Ken,,,,,,,,,
Ced - Riverside,MO,1003,3584,1,Guy,,,,,,,,,
Current Solar--Cod,TX,1004,239,1,Ken,,,,,,,,,
National Energy Partners,NJ,1005,5887,1,Chris,,,,,,,,,
Positive Synergy Llc Dba Havasu Sol,AZ,1006,8756,1,Ken,,,,,,,,,
Titanium Llc,CA,1007,6435,1,Rob,,,,,,,,,
Empower Energy Solutions,RI,1008,4984,1,Chris,,,,,,,,,
Lumio Hx Inc Shop Account,UT,1009,4391,1,Rob,,,,,,,,,
Pm&M Electric Dba Titan Solar,NJ,1010,1132,1,Chris,,,,,,,,,
Core Energy,TX,1011,237,1,Ken,,,,,,,,,
Rochester,NY,1012,4664,1,Chris,,,,,,,,,
Solcius Llc,SC,1013,1132,1,Justin,,,,,,,,,
Sun Solar,KS,1014,3584,1,Ken,,,,,,,,,
Adt Solar Llc,CO,1015,1875,1,Ken,,,,,,,,,
Bayou Blue Construction Llc,TX,1016,237,1,Ken,,,,,,,,,
"Palmetto Clean Technology, Inc.",NC,1017,1132,1,Chris,,,,,,,,,
Touch Of Grey Marketing Inc,FL,1018,239,1,Justin,,,,,,,,,
Ecorenos,SC,1019,1132,1,Justin,,,,,,,,,
Mason City - Culver,IA,1020,987,1,Guy,,,,,,,,,
Pure Point Energy Llc,CT,1021,4984,1,Chris,,,,,,,,,
Revolution Energy Systems,IA,1022,987,1,Guy,,,,,,,,,
Solar Grids,IA,1023,987,1,Guy,,,,,,,,,
Upscale Energy,CA,1024,8797,1,Rob,,,,,,,,,
Cod-South Plains Solar,TX,1025,1987,1,Ken,,,,,,,,,
Cod/Next Gen Electric,ID,1026,8187,1,Rob,,,,,,,,,
Ies Batteries,ME,1027,4422,1,Chris,,,,,,,,,
"J&A Electric Construction, Llc",NY,1028,120,1,Chris,,,,,,,,,
Lunex Power Inc,RI,1029,224,1,Chris,,,,,,,,,
Total Connect Solutions,FL,1030,5888,1,Justin,,,,,,,,,
Wire Nutz Electrical Services,WA,1031,5971,1,Rob,,,,,,,,,
Blue Raven Solar,TX,1032,1987,1,Ken,,,,,,,,,
Ecovole,TX,1033,3584,1,Ken,,,,,,,,,
Fluent Solar,MO,1034,3584,1,Guy,,,,,,,,,
Green Energy Solutions,FL,1035,8018,1,Justin,,,,,,,,,
Pm & M Electric Dba Titan Solar,NJ,1036,8756,1,Chris,,,,,,,,,
The Solar Guys,KS,1038,3584,1,Ken,,,,,,,,,
Blue Raven Solar,WA,1039,8064,1,Rob,,,,,5.9,,,,
Modern Concepts,FL,1040,4560,1,Justin,,,,,,,,,
Plug Pv Llc,IL,1041,1045,1,Guy,,,,,,,,,
Powur Pbc,NV,1042,6435,1,Rob,,,,,,,,,
Revision Energy Inc,MA,1043,224,1,Chris,,,,,,,,,
Shinnova Solar,KS,1044,3584,1,Ken,,,,,,,,,
Eco Solar Power Llc,TX,1045,3273,1,Ken,,,,,,,,,
Synergy Power,CA,1046,5040,1,Rob,,,,,,,,,
Abernathy Roofing & Solar,MO,1047,3584,1,Guy,,,,,,,,,
Blue Light Energy Lllc,RI,1048,224,1,Chris,,,,,,,,,
Daybreak Install,TX,1049,239,1,Ken,,,,,,,,,
Grand Junction,CO,1051,3584,1,Ken,,,141.6,,,,,,
Lift Energy Construction Inc,CA,1052,311,1,Rob,,,,,,,,,
"Lumio Hx, Inc",CA,1053,311,1,Rob,,,,,,,,,
Royal Contracting Solutions,MO,1054,3584,1,Guy,,,,,,,,,
Sunergy Solutions,RI,1055,224,1,Chris,,,,,,,,,
Tml International/ Infinity,WA,1056,5971,1,Rob,,,,,,,,,
Wegner Roofing & Solar,MT,1057,821,1,Rob,,,,,,,,,
Core Energy,FL,1059,4560,1,Justin,,,,,,,,,
Greenstar Power Llc,CO,1060,6026,1,Ken,,,,,,,,,
New York Solar Maintenance/Cod,MD,1061,5887,1,Chris,,,,,,,,,
Solar Connections,MN,1062,4664,1,Guy,,,118,,,,,,
Solarmotion,CA,1063,7605,1,Rob,,,,,,,,,
Adt Solar Llc,NM,1064,148,1,Ken,,,,,,,,,
J Sun Pv,KS,1065,3584,1,Ken,,,,,,,,,
Pacific Energy Network  Llc Dba Mps,MO,1066,6435,1,Guy,,,,,,,,,
Pacific Energy Network  Llc Dba Mps,KS,1067,6435,1,Ken,,,,,,,,,
The Green Panel,MI,1068,960,1,Guy,,,,,,,,,
Centauri Systems Llc,MN,1069,4664,1,Guy,,,,,,,,,
Tephra Solar Llc,FL,1070,8018,1,Justin,,,,,,,,,
Adt Solar Llc,LA,1071,5888,1,Ken,,,,,,,,,
Astrawatt Rising Sun,OK,1072,5364,1,Ken,,,,,,,,,
Cod-Core Energy,TX,1073,1987,1,Ken,,,,,,,,,
"Cod-Ep Mechanical Technologies, Inc",TX,1074,1987,1,Ken,,,,,,,,,
North Coast,MI,1075,960,1,Guy,,,,,,,,,
Pacific Energy Network  Llc Dba Mps,CA,1076,6435,1,Rob,,,,,,,,,
Phase Out Electric,MA,1077,224,1,Chris,,,,,,,,,
"Solar Gain, Inc",CA,1078,8756,1,Rob,,,,,,,,,
Solar Specialists Inc.,FL,1079,8618,1,Justin,,,,,,,,,
Vision Solar,CT,1080,4984,1,Chris,,,,,,,,,
Zenernet Llc,NJ,1081,5887,1,Chris,,,,,,,,,
Adt Solar Llc,TX,1082,237,1,Ken,,,,,,,,,
Affordable Solar,NM,1084,148,1,Ken,,,,,,70.8,,,
Green Force Electric,CO,1085,1875,1,Ken,,,,,,,,,
Green Muscle Solar,AZ,1086,8756,1,Ken,,,,,,,,,
"Palmetto Clean Technology, Inc.",MO,1087,3584,1,Guy,,,,,,,,,
Solgen Power Llc,KY,1088,5971,1,Guy,,,,,,,,,
Sunnova Energy Corportation,MA,1089,224,1,Chris,,,,,,,,,
"Castor Solar, Inc",TX,1090,237,1,Ken,,,,,,,,,
Fisher Renewables Llc,TX,1091,237,1,Ken,,,,,,,,,
In Motion Construction Llc,FL,1092,5621,1,Justin,,,,,,,,,
Powur Pbc,PA,1094,8018,1,Chris,,,,,,,,,
Rivertown Solar Llc,NY,1095,1670,1,Chris,,,,,,,,,
United Home Solutions,TX,1096,3273,1,Ken,,,,,,,,,
Visalia - Ced,CA,1097,2576,1,Rob,,,,,,,,,
Antonio Dimichino Llc,NJ,1098,5887,1,Chris,,,,,,,,,
Lumio Hx Inc.,ID,1099,8187,1,Rob,,,,,,,,,
Solar Power New England,ME,1100,4422,1,Chris,,,,,,,,,
Appalachian Renewable Power,OH,1101,1154,1,Guy,,,,,,,,,
Ks Solar Sales,AZ,1102,1875,1,Ken,,,,,,,,,
Natural Power Sources Dba Suntuity,FL,1103,5621,1,Justin,,,,,,,,,
Solar Energy Services,KS,1104,3584,1,Ken,,,,,,,,,
Freedom Solar Power,FL,1105,1132,1,Justin,,,,,,,,,
Sandbox Solar Llc,CO,1106,2459,1,Ken,,,,,,,,,
Sunuso Energy,FL,1107,4560,1,Justin,,,,,,,,,
Harvest Sun Solar,MA,1108,4431,1,Chris,,,,,,,,,
Quicken Solar Llc,TX,1109,237,1,Ken,,,,,,,,,
Solar Q Dba Black 33 Llc,WI,1110,4950,1,Guy,,,,,,,,,
Solar Solution Az-Ensemble Sunlight,AZ,1111,8756,1,Ken,,,,,,,,,
Solq,IA,1112,5415,1,Guy,,,,,,,,,
Revolution Energy Systems,WA,1114,8187,1,Rob,,,,,,,,,
"United Home Solutions Group, Llc",FL,1116,8018,1,Justin,,,,,,,,,
Connected Energy Solar,PA,1117,5944,1,Chris,,,,,,,,,
"Luminasun Smart Home, Llc",SC,1118,6058,1,Justin,,,,,,,,,
Powur,VA,1119,6408,1,Chris,,,,,,,,,
Elite Energy,TX,1121,237,1,Ken,,,,,,,,,
Encor Solar Llc,TX,1122,6435,1,Ken,,,,,,,,,
Lumio,AR,1123,4187,1,Ken,,,,,,,,,
Sunbadger Solar Llc,IN,1124,1045,1,Guy,,,,,,,,,
"Alliance Roofing, Llc",IA,1125,987,1,Guy,,,,14.16,,,,,
North West Electric Solutions Llc,WA,1127,8187,1,Rob,,,,,,,,,
Northwest Renewables,WA,1128,8187,1,Rob,,,,,,,,,
512 Solar,TX,1129,236,1,Ken,,,,,,,,,
C&C Energy Group,FL,1130,8618,1,Justin,,,,,,,,,
Cape Fear Solar Systems,NC,1131,6058,1,Chris,,,,,,,,,
Slo Sun Energy,CA,1132,7605,1,Rob,,,,,,,,,
True Enterprises Llc,ME,1133,4422,1,Chris,,,,,,,,,
Devlin Contracting & Maintenance,CT,1134,224,1,Chris,,,,,,,,,
Satec Electrical,NJ,1135,5887,1,Chris,,,,,,,,,
South Plains Solar,TX,1136,237,1,Ken,,,,,,,,,
Ad Electrical & Mechanical,TX,1137,1987,1,Ken,,,,,,,,,
Cod - Vision Solar,FL,1138,8018,1,Justin,,,,,,,,,
Cod/Next Gen Electric,WA,1139,8187,1,Rob,,,,,,,,,
Freedom Solar Tx,VA,1140,236,1,Chris,,,,,,,,,
Bvi Solar,CA,1141,7133,1,Rob,,,,,,,,,
Empower Energy Solutions,CT,1142,4984,1,Chris,,,,,,,,,
Lumio Hx Inc.,CA,1143,5040,1,Rob,,,,,,,,,
Sidebottom Dba Solar Tech,FL,1144,8018,1,Justin,,,,,,,,,
Sun Harvest Energy,FL,1145,8018,1,Justin,,,,,,,,,
Cod - Direct Energy,FL,1146,8018,1,Justin,,,,,,,,,
"Dba Skyfox Energy, Inc",TX,1147,1987,1,Ken,,,,,,,,,
Equisolar Inc--Cod,AZ,1148,239,1,Ken,,,,,,,,,
Magnify Solar Group,FL,1150,8618,1,Justin,,,,,,,,,
Stilwell Solar Llc,FL,1151,8018,1,Justin,,,,,,,,,
Sunrise Solar Solutions,NY,1152,1670,1,Chris,,,,,,,,,
Castillo Electric,AZ,1153,8808,1,Ken,,,,,,,,,
Front Range Solar Power,CO,1154,6026,1,Ken,,,,,,,,,
Seventh Gen Solar,NH,1156,224,1,Chris,,,,,,,,,
Eequals,IL,1158,6640,1,Guy,,,,,,,,,
Gensun Solar,RI,1159,224,1,Chris,,,,,,,,,
Pm & M Electric Dba Titan Solar,KS,1160,3584,1,Ken,,,,,,,,,
A-Team Consultants Group Llc,MT,1161,821,1,Rob,,,,,,,,,
Daybreak Solar Power,TX,1162,237,1,Ken,,,,,,,,,
"Meraki Installers, Llc",FL,1163,8618,1,Justin,,,,,,,,,
Texas Solar Professional,TX,1164,237,1,Ken,,,,,,,,,
E2sol,OR,1165,704,1,Rob,,,,,,,,,
"Lumio Hx, Inc.",AR,1166,8018,1,Ken,,,,,,,,,
Bob's Custom Electric Inc,FL,1169,8018,1,Justin,,,,,,,,,
Central Texas Solar--Cod,TX,1170,239,1,Ken,,,,,,,,,
Green Solar Systems Llc,PA,1171,5944,1,Chris,,,,,,,,,
"Paradise Energy Solutions, Llc",MD,1172,8460,1,Chris,,,,,,,,,
Blue Raven Solar,OR,1173,5971,1,Rob,,,,,,,,,
Blue Sky Solar,CO,1174,2685,1,Ken,,,,,,,,,
Green Power Energy,CT,1175,4984,1,Chris,,,,,,,,,
"Lumio Hx, Inc.",OR,1176,4450,1,Rob,,,,,,,,,
M&S Green Power Energy Inc,FL,1177,4560,1,Justin,,,,,,,,,
Nationwide Energy,WA,1178,589,1,Rob,,,,,,,,,
Pacific View Electric ***Cod***,CA,1179,7133,1,Rob,,,,,,,,,
410 Energy Solutions,MD,1180,9106,1,Chris,,,,,,,,,
Sun Source Energy,NV,1181,4090,1,Rob,,,,,,,,,
"Alliance Roofing, Llc",IL,1183,987,1,Guy,,,,,,,,,
Cod Sales,MI,1184,960,1,Guy,,,,,,,,,
G3 Solar,ID,1185,5951,1,Rob,,,,,,,,,
"Paradise Energy Solutions, Llc",OH,1186,8460,1,Guy,,,,,,,,,
Titan Solar Power Of Ca,CA,1188,8797,1,Rob,,,,,,,,,
Blue Sky Satellite Services,IA,1189,987,1,Guy,,,,,,,,,
Jones Enterprises,OK,1192,5364,1,Ken,,,,,,,,,
Novasource,NJ,1193,224,1,Chris,,,,,,,,,
Pacific Allied Group,CA,1194,6435,1,Rob,,,,,,,,,
The Arcadia Solar Companies Llc,AZ,1195,8756,1,Ken,,,,,,,,,
Zenith Inc,MD,1196,9106,1,Chris,,,,,,,,,
Beam Soalr Co,NC,1197,6058,1,Chris,,,,,,,,,
Csa Electrical Llc,NM,1198,148,1,Ken,,,,,,,,,
Go Solar Easy Inc.,CA,1199,1024,1,Rob,,,,,,,,,
Peregrine Renewable Energy Llc,CT,1200,4984,1,Chris,,,,,,,,,
"Strongbuilt, Llc",AZ,1201,148,1,Ken,,,,,,,,,
Sur Energy,MI,1202,960,1,Guy,,,,,,,,,
Vyvue,OK,1203,5364,1,Ken,,,,,,,,,
Circa Energy,DC,1204,9106,1,Chris,,,,,,,,,
Next Level Energy *Cod Account*,CT,1205,1670,1,Chris,,,,,,,,,
Wolf River Electric,MN,1206,4664,1,Guy,,,,,,,,,
Cash Sales,MN,1207,4664,1,Guy,,,,,,,,,
"Lumio Hx, Inc.",UT,1208,8018,1,Rob,,,,,,,,,
Albuquerque - Ced,NM,1209,148,1,Ken,,,,,,,,,
Critical Mass Solar,MA,1210,224,1,Chris,,,,,,,,,
Intermountain Wind And Solar,ID,1211,5951,1,Rob,,,,,,,,,
Cod,NC,1212,1132,1,Chris,,,,,,,,,
Expert Soalr,FL,1213,4560,1,Justin,,,,,,,,,
Project Solar,CA,1214,6552,1,Rob,,,,,,,,,
Project Solar Cod,CA,1215,1024,1,Rob,,,,,,,,,
Castor Solar,TX,1216,237,1,Ken,,,,,,,,,
Freedom Solar Tx,NC,1217,1132,1,Chris,,,,,,,,,
Freevolt (Usa),CA,1218,5733,1,Rob,,,,,,,,,
Affordable Solar Roof And Air,TX,1219,237,1,Ken,,,,,,,,,
Credit Card Sales,FL,1220,4560,1,Justin,,,,,,,,,
Cod-Estrada Custom Homes Llc,TX,1224,1987,1,Ken,,,,,,,,,
"Hall Electrical Systems, Inc",FL,1225,8018,1,Justin,,,,,,,,,
Liv Solar,CO,1226,1875,1,Ken,,,,,,,,,
Solar Grids,NE,1228,5415,1,Guy,,,,,,,,,
Blue Sky Solar,OR,1229,5971,1,Rob,,,,,,,,,
Daybreak Install,OK,1230,239,1,Ken,,,,,,,,,
Gansett Solar Llc,MA,1231,224,1,Chris,,,,,,,,,
Hightower Energy Solutions,FL,1232,5888,1,Justin,,,,,,,,,
Palmetto Clean Technologies,PA,1234,5944,1,Chris,,,,,,,,,
Sunnova Energy Corporation,TX,1235,236,1,Ken,,,,,,,,,
"Cod-Southwest Energy, Llc",TX,1236,1987,1,Ken,,,,,,,,,
Optimus Solar,FL,1237,5621,1,Justin,,,,,,,,,
Zenergy Solar,DE,1238,5887,1,Chris,,,,,,,,,
Cod Gcn Construction,CA,1239,7605,1,Rob,,,,,,,,,
Maine Solar Solutions,ME,1240,4422,1,Chris,,,,,,,,,
"Palmetto Clean Technology, Inc",RI,1241,224,1,Chris,,,,,,,,,
Phoenix Exteriors Llc,IL,1242,4950,1,Guy,,,,,,,,,
Pure Energy Solar Dba Pe Solar,FL,1243,8018,1,Justin,,,,,,,,,
Enlightened Solar,CA,1244,6435,1,Rob,,,,,,,,,
Next Level Energy *Cod Account*,NY,1245,1670,1,Chris,,,,,,,,,
"Prosolar Group, Llc",FL,1246,5621,1,Justin,,,,,,,,,
Suncoast Structural Steel,CA,1247,1024,1,Rob,,,,,,,,,
Sunpower,MA,1248,224,1,Chris,,,,,,,,,
Texsun Solar Solutions,TX,1249,237,1,Ken,,,,,,,,,
Alternative Power Solutions Of Ny,NY,1250,6462,1,Chris,,,,,,,,,
Bay Area Solar Solutions,FL,1251,8018,1,Justin,,,,,,,,,
Critical Mass Solar,NH,1252,224,1,Chris,,,,,,,,,
National Solar Service,MI,1253,960,1,Guy,,,,,,,,,
Divine Power Usa,CA,1254,311,1,Rob,,,,,,,,,
Evolution Energy,NY,1255,1670,1,Chris,,,,,,,,,
Prosolar Group,FL,1256,4560,1,Justin,,,,,,,,,
Scalo Independent Solutions,PA,1257,5944,1,Chris,,,,,,,,,
Sunnova Energy Corp,TX,1258,237,1,Ken,,,,,,,,,
Sirio Solar Energy Solutions Llc,TX,1259,1987,1,Ken,,,,,,,,,
Cod-Crv Roofing,TX,1260,1987,1,Ken,,,,,,,,,
Cod-Standard Electrical Contractors,TX,1261,1987,1,Ken,,,,,,,,,
"Lumio Hx, Inc",ID,1262,756,1,Rob,,,,,,,,,
Natural Energy Solutions Llc,MN,1263,4664,1,Guy,,,,,,,,,
Sunco Solar,TX,1265,237,1,Ken,,,,,,,,,
Sunstate Solar Inc.,NM,1266,148,1,Ken,,,,,,,,,
Trojan Solar Power,TX,1267,237,1,Ken,,,,,,35.4,,,
Brm Inc,CA,1268,2576,1,Rob,,,,,,,,,
Dmv Equity,NY,1269,1670,1,Chris,,,,,,,,,
Kuubix Global Llc,CA,1270,6435,1,Rob,,,,,,,,,
Midwest Solar Installers,IA,1271,987,1,Guy,,,,,,,,,
Nm Solar Group,NM,1272,148,1,Ken,,,,,,,,,
Malek Service Company,TX,1273,3273,1,Ken,,,,,,,,,
Skymark Solar,FL,1274,5621,1,Justin,,,,,,,,,
All Energy,WI,1276,4407,1,Guy,,,,,,,,,
Brightway Energy Llc,NH,1277,224,1,Chris,,,,,,,,,
Cinnamon Solar,CA,1278,7492,1,Rob,,,,,,,,,
Icon Energy,FL,1279,237,1,Justin,,,,,,,,,
"Levion Construction, Llc",CA,1280,6435,1,Rob,,,,,,,,,
Sunnova Energy Corporation,PA,1282,236,1,Chris,,,,,,,,,
Adt Solar Llc,FL,1283,5888,1,Justin,,,,,,,,,
"Mitchell Solar Solutions, Llc",FL,1285,8018,1,Justin,,,,,,,,,
Smart Solar Of Southern California,CA,1286,7133,1,Rob,,,,,,,,,
Xero Solar,CA,1288,7133,1,Rob,,,,,,,,,
Energy 1 Llc,MT,1289,821,1,Rob,,,,,,,,,
Hd Roofing Llc,FL,1290,8018,1,Justin,,,,,,,,,
Raycycle Llc,PA,1291,5944,1,Chris,,,,,,,,,
Team Sunshine,NH,1292,224,1,Chris,,,,,,,,,
Texas Best Solar Llc,TX,1293,237,1,Ken,,,,,,,,,
Big Solar Energy Llc,NJ,1294,5887,1,Chris,,,,,,,,,
Cod - Sunshine Solar Gang,FL,1295,8018,1,Justin,,,,,,,,,
Helios Installations Llc,TX,1296,1987,1,Ken,,,,,,,,,
Ready Nation Dba Castor Solar,FL,1297,8018,1,Justin,,,,,,,,,
Silverline Home Remodeling Inc,CA,1298,1024,1,Rob,,,,,,,,,
Roof Fix,TX,1299,239,1,Ken,,,,,,,,,
365 Solar Energy,PA,1300,5944,1,Chris,,,,,,,,,
Sunnova-Sky Power Az,AZ,1301,8756,1,Ken,,,,,,,,,
Castor Solar,OH,1302,8018,1,Guy,,,,,,,,,
Complete Solar,FL,1303,5621,1,Justin,,,,,,,,,
Lumio Hx Inc.,AZ,1304,8756,1,Ken,,,,,,,,,
Nexus Solar,NC,1305,6058,1,Chris,,,,,,,,,
Northstone Solar Llc,MT,1306,821,1,Rob,,,,,,,,,
Rdx Power Llc,AZ,1307,8756,1,Ken,,,,,,,,,
Straightline Solar Group,NV,1308,4090,1,Rob,,,,,,,,,
Summit Energy Group,NH,1309,224,1,Chris,,,,,,,,,
Sunnova Energy Corp - Greenspire,CA,1310,6435,1,Rob,,,,,,,,,
Sunnova Energy Corporation,VA,1311,236,1,Chris,,,,,,,,,
Bryton Power Llc,CA,1312,311,1,Rob,,,,,,,,,
Cod - Avvio Solar,TX,1313,4391,1,Ken,,,,,,,,,
Helios Solar Energy Llc,NH,1314,224,1,Chris,,,,,,,,,
Invaleon Technologies Corp,NH,1315,224,1,Chris,,,,,,,,,
Saguaro Solar,AZ,1317,8756,1,Ken,,,,,,,,,
Sunnova,FL,1318,5621,1,Justin,,,,,,,,,
Adt Solar Llc,OK,1319,5364,1,Ken,,,,,,,,,
Cod - Achieve Solar,FL,1320,8018,1,Justin,,,,,,,,,
Dba Custom Pro Roofing And Solar,OK,1321,237,1,Ken,,,,,,,,,
Flo Energy,FL,1322,8018,1,Justin,,,,,,,,,
Iowa Solar And Roofing,IA,1323,987,1,Guy,,,,,,,,,
New England Clean Energy,NH,1324,224,1,Chris,,,,,,,,,
Sun Up Solar,MA,1325,224,1,Chris,,,,,,,,,
Equisolar Inc--Cod,TX,1326,239,1,Ken,,,,,,,,,
Sunrgy Solar Dist,TX,1327,3273,1,Ken,,,,,,,,,
Circuit Electric Solar,KY,1328,1154,1,Guy,,,,,,,,,
Cod Grace Fusion Power,NV,1329,4090,1,Rob,,,,,,,,,
Cod-Mountainstar Solar,TX,1330,1987,1,Ken,,,,,,,,,
Dba Custom Pro Roofing And Solar,TX,1331,237,1,Ken,,,,,,,,,
Evergreen,OK,1332,5364,1,Ken,,,,,,,,,
"Kaitanna Solar, Llc",NJ,1333,5887,1,Chris,,,,,,,,,
Rack Electric,FL,1334,4560,1,Justin,,,,,,,84.96,,
Sustainable Lighting Solutions Llc,NC,1335,1132,1,Chris,,,,,,,,,
Cod-Certified Energy Consulting Llc,TX,1336,1987,1,Ken,,,,,,,,,
Erus Builders Llc Dba Erus Energy,AZ,1337,8808,1,Ken,,,,,,,,,
Solgen Power Llc,AZ,1338,5971,1,Ken,,,,,,,,,
Lifetime Quality Solar And Roofing,OH,1339,1154,1,Guy,,,,,,,,,
"Texas Solar Integrated, Llc",TX,1340,1987,1,Ken,,,,,,,,,
True Texas Solar,TX,1341,3273,1,Ken,,,,,,,,,
Univercity  Solar  Llc,CA,1342,6435,1,Rob,,,,,,,,,
Verogy,CT,1343,4984,1,Chris,,,,,,,,,
Solar Sme,SC,1344,1132,1,Justin,,,,,,,,,
Sunpower Corporation,CA,1345,6552,1,Rob,,,,,,,,,
All Energy,MA,1346,4664,1,Chris,,,,,,,,,
Ameco Solar Llc,CA,1347,1024,1,Rob,,,,,,,,,
Involt Solar,FL,1348,8018,1,Justin,,,,,,,,,
Coronado Custom Homes,FL,1350,8018,1,Justin,,,,,,,,,
First Light Solar,MT,1351,821,1,Rob,,,,,,,,,
Lamontagne Electric,NH,1352,224,1,Chris,,,,,,,,,
Montante Solar,NY,1353,6462,1,Chris,,,,,,,,,
Blue Light Energy Lllc,MA,1354,224,1,Chris,,,,,,,,,
Horizon Pwr,OR,1355,704,1,Rob,,,,,,,,,
Intrusion Protection,NV,1356,4090,1,Rob,,,,,,,,,
Affordable Solar Roof & Air Llc,FL,1357,8618,1,Justin,,,,,,,,,
Cod Sales,NM,1358,148,1,Ken,,,,,,,,,
Powur Pbc,MD,1360,9106,1,Chris,,,,,,,,,
Evengreen Technologies,ID,1361,756,1,Rob,,,,,,,,,
Solar Saves Florida,FL,1362,8618,1,Justin,,,,,,,,,
Solarq,MO,1363,3584,1,Guy,,,,,,,,,
Srsolarnh,NH,1364,224,1,Chris,,,,,,,,,
About Time Solar,KS,1365,3584,1,Ken,,,,,,,,,
"Arp Services, Llc",TX,1366,1987,1,Ken,,,,,,,,,
Cod Slo Craft Builders,CA,1367,7605,1,Rob,,,,,,,,,
Sc Solar Project,SC,1368,1132,1,Justin,,,,,,,,,
"Solar Maintenance Pros, Inc.",CA,1369,311,1,Rob,,,,,,,,,
5 Star Solar,TX,1370,239,1,Ken,,,,,,,,,
Burtek Energy Llc,CA,1371,7133,1,Rob,,,,,,,,,
"Nexus Energy Systems, Llc",VA,1372,6408,1,Chris,,,,,,,,,
Purelight Power Llc,MT,1373,821,1,Rob,,,,,,,,,
Royal Contracting Solutions,KS,1374,3584,1,Ken,,,,,,,,,
Sst Construction,CA,1375,6435,1,Rob,,,,,,,,,
Sunbright Solar Llc,AZ,1376,8808,1,Ken,,,,,,,,,
Black 33 Dba Solq,WI,1378,4950,1,Guy,,,,,,,,,
Helio Solar,CT,1379,4984,1,Chris,,,,,,,,,
Powerstream Solar And Electric,PA,1985,0,3,Chris,,,,,,,,,
Blue Sky Solar And Roofing,TX,1380,1875,1,Ken,,,,,,,,,
Palmetto Clean Technology Inc,OH,1381,1154,1,Guy,,,,,,,,,
Perfection Solar,SC,1382,1132,1,Justin,,,,,,,,,
Sunnova Energy Corporation,IL,1383,3584,1,Guy,,,,,,,,,
Synergy Smart Homes,MA,1384,4984,1,Chris,,,,,,,,,
Zenergy Solar,NJ,1385,5887,1,Chris,,,,,,,,,
A1a Solar Contracting,FL,1386,5621,1,Justin,,,,,,,,,
Astrawatt,TX,1387,237,1,Ken,,,,,,,,,
Georgia Solar Pros,FL,1388,1132,1,Justin,,,,,,,,,
Nationwide Energy Solutions,MD,1389,9106,1,Chris,,,,,,,,,
Quality Solar Llc,TX,1390,237,1,Ken,,,,,,,,,
Synergy Smart Homes,CT,1391,4984,1,Chris,,,,,,,,,
Clearwater - Ray,FL,1392,8618,1,Justin,,,,,,,,,
Green Mountain Electric Llc,MT,1393,821,1,Rob,,,,,,,,,
Sunergy Solutions,NH,1394,224,1,Chris,,,,,,,,,
Cod - Baja Solar,FL,1395,8018,1,Justin,,,,,,,,,
Dhhs,FL,1396,8018,1,Justin,,,,,,,,,
Green Solar Enterprises Dba Green H,IL,1397,1045,1,Guy,,,,,,,,,
Imperium Solar/Cod,NJ,1398,5887,1,Chris,,,,,,,,,
Imperium Solar,PA,1986,0,3,Chris,,,,,,,,,
Black 33 Dba Solq,MO,1401,3584,1,Guy,,,,,,,,,
Cod-Project Solar,AZ,1402,8756,1,Ken,,,,,,,,,
Complete Solar,RI,1403,224,1,Chris,,,,,,,,,
East Coast Solar Services,MD,1404,9106,1,Chris,,,,,,,,,
Isaksen Solar,RI,1405,224,1,Chris,,,,,,,,,
Redrocks Roof And Solar,CO,1406,1875,1,Ken,,,,,,,,,
"Commonwealth Power, Llc",VA,1407,6408,1,Chris,,,,,,,,,
Eequals,MO,1408,6640,1,Guy,,,,,,,,,
Solar Energy World Llc,MD,1409,9106,1,Chris,,,,,,,,,
Solar Solution Llc,MD,1410,9106,1,Chris,,,,,,,,,
Skyline Solar Llc,TX,1411,237,1,Ken,,,,,,,,,
Supreme Solar Services,NJ,1987,0,3,Chris,,,,,,,,,
Good Faith Energy,TX,1412,237,1,Ken,,,,,,,,,
My Brilliant Solar,IL,1413,4950,1,Guy,,,,,,,,,
Over The Top Solar,NJ,1988,0,3,Chris,,,,,,,,,
Solar-Rx,FL,1414,8018,1,Justin,,,,,,,,,
K & M Electrical,MA,1415,224,1,Chris,,,,,,,,,
Novos Energy Llc,TX,1416,237,1,Ken,,,,,,,,,
Astrawatt Solar,KS,1417,3584,1,Ken,,,,,11.8,23.6,,,
Green Solar Enterprises Dba Ghs,PA,1418,5944,1,Chris,,,,,,,,,
"**Cod** Bluecore Solar, Llc",CO,1419,1875,1,Ken,,,,,,,,,
"Boss Energy, Llc.",SC,1420,1132,1,Justin,,,,,,,,,
Dragon Solar Llc,FL,1421,5621,1,Justin,,,,,,,,,
Glyde Solar,CO,1422,1875,1,Ken,,,,,,,,,
Save A Lot Solar,CA,1424,7953,1,Rob,,,,,,,,,
Solar First Inc,CA,1425,2576,1,Rob,,,,,,,,,
Fluent Solar,AR,1427,4187,1,Ken,,,,,,,,,
Solar Solutions Of Missouri Llc,MO,1989,0,3,Guy,,,,,,,,,
United Better Homes,CT,1428,224,1,Chris,,,,,,,,,
Ep Western Electric Llc,TX,1429,1987,1,Ken,,,,,,,,,
Mad Energy Nw Llc,WA,1430,8064,1,Rob,,,,,,23.6,23.6,,
Our World Energy,TX,1431,237,1,Ken,,,,,,,,,
Boreal Solar Attn  Richard Sung 416.500.2930,,2152,0,3,,,,,,,,,,
Revolution,WA,1432,8801,1,Rob,,,,,,,,,
Black 33 Llc  Dba Solq,IA,1433,987,1,Guy,,,,,,,,,
Brightway Energy Llc,MA,1434,224,1,Chris,,,,,,,,,
Cod,CA,1435,5040,1,Rob,,,,,,,,,
Nrg Clean Power Inc,CA,1436,1024,1,Rob,,,,,,,,,
Nuwatt Energy,RI,1437,224,1,Chris,,,,,,,,,
Solera Solar,MO,1438,3584,1,Guy,,,,,,,,,
Supreme Solar Services (Sungage),NJ,1991,0,3,Chris,,,,,,,,,
"Greenbrilliance, Llc",VA,1439,6408,1,Chris,,,,,,,,,
Pm&M Electric Dba Titan Solar,CA,1440,6435,1,Rob,,,,,,,,,
Reenergizeco Inc,CO,1441,1875,1,Ken,,,,,,,,,
Solar Central Systems,RI,1442,224,1,Chris,,,,,,,,,
Premier Improvements,CT,1443,4984,1,Chris,,,,,,,,,
Sunhab,PA,1992,0,3,Chris,,,,,,,,,
Bright Home Solutions,MA,1444,224,1,Chris,,,,,,,,,
"Meraki Installers, Llc",TX,1445,1987,1,Ken,,,,,,,,,
Solar Nova,NJ,1446,5887,1,Chris,,,,,,,,,
"[Cod] Absolute Energy, Llc",VA,1447,6408,1,Chris,,,,,,,,,
15 Lightyears,FL,1448,5621,1,Justin,,,,,,,,,
Posigen,CT,1449,4984,1,Chris,,,,,,,,,
Solarsun Co,CA,1450,6435,1,Rob,,,,,,,,,
Sunergy Solutions,ME,1451,224,1,Chris,,,,,,,,,
Suntuity Sourcing,TX,1452,768,1,Ken,,,,,,,,,
Suntuity Sourcing,FL,1453,768,1,Justin,,,,,,,,,
Cod-S7 Enterprises Llc Dba S7 Solar,FL,1454,8018,1,Justin,,,,,,,,,
Momentum Solar,NJ,1456,5887,1,Chris,,,,,,,,,
"[Cod] Kilo Hollow Energy, Inc.",VA,1457,6408,1,Chris,,,,,,,,,
Skyline Solar,PA,1458,5887,1,Chris,,,,,,,,,
Sol Up,NV,1459,4090,1,Rob,,,,,,,,,
Apex Energy Tek,NY,1460,120,1,Chris,,,,,,,,,
Arcadia Solar,NV,1461,4090,1,Rob,,,,,,,,,
Azimuth Renew Dba Mc Renewable Energy Llc,,2153,0,3,,,,,,,,,,
Design 1 Group,AL,1462,6058,1,Justin,,,,,,,,,
Silvermane Llc,MA,1463,224,1,Chris,,,,,,,,,
Solar Power & Light,OH,1464,1154,1,Guy,,,,,,,,,
Trinity Solar,NJ,1465,4984,1,Chris,,,,,,,,,
Empwr Solar,NC,1466,1132,1,Chris,,,,,,,,,
Sunsation Energy Solutions,NY,1467,4250,1,Chris,,,,,,,,,
Dba Omicron Solutions,TX,1468,1987,1,Ken,,,,,,,,,
Edds Electric,TX,1469,237,1,Ken,,,,,,,,,
Empower Solar,FL,1470,5621,1,Justin,,,,,,,,,
Texas Energy Resources,TX,1471,3273,1,Ken,,,,,,,,,
Advanced Roofing Inc,FL,1472,4560,1,Justin,,,,,,,,,
Dba Southwest Energy,TX,1473,1987,1,Ken,,,,,,,,,
Rectify Solar Llc,IN,1474,3293,1,Guy,,,,,,,,,
Solar Max,FL,1475,4560,1,Justin,,,,,,,,,
"Cod-Hop Home Solutions, Llc",TX,1477,1987,1,Ken,,,,,,,,,
Pine Tree Solar,ME,1994,0,3,Chris,,,,,,,,,
Solar Energy Systems,IN,1478,1045,1,Guy,,,,,,,,,
Precision Technologies,CA,1479,6435,1,Rob,,,,,,,,,
All-Pro Solar,FL,1480,4560,1,Justin,,,,,,,,,
Fusion Solar Energy/Cod,NJ,1481,5887,1,Chris,,,,,,,,,
Ohio Solar Connections,OH,1482,5944,1,Guy,,,,,,,,,
Senga Energy,CA,1483,6435,1,Rob,,,,,,,,,
Solar Bear,TX,1484,237,1,Ken,,,,,,,,,
Atlas Solar Power,TX,1486,237,1,Ken,,,,,,,,,
Complete Solar,MA,1487,224,1,Chris,,,,,,,,,
Earthlight Technologies Llc,OR,1488,5971,1,Rob,,,,,,,,,
Cod-Gr Solar,TX,1489,1987,1,Ken,,,,,,,,,
Current Home,FL,1490,5621,1,Justin,,,,,,,,,
Clean Residential Energy,OK,1491,5364,1,Ken,,,,,,,,,
Solar Optimum,CA,1492,6435,1,Rob,,,,,,,,,
"Strongbuilt Plumbing & Air, Llc",AZ,1493,8808,1,Ken,,,,,,,,,
Cod - Enlight.energy,FL,1494,8018,1,Justin,,,,,,,,,
Cod-Empire Refrigeration,TX,1495,1987,1,Ken,,,,,,,,,
Pro Light Solar,TX,1497,237,1,Ken,,,,,,,,,
Solar Trek Llc,FL,1498,5621,1,Justin,,,,,,,,,
Fasttrac,TX,1499,237,1,Ken,,,,,,,,,
Lumina Solar,PA,1500,9106,1,Chris,,,,,,,,,
Neighborhood Solar,CA,1501,7133,1,Rob,,,,,,,,,
Novasource,MA,1502,224,1,Chris,,,,,,,,,
Assured Solar Energy,ME,1503,4422,1,Chris,,,,,,,,,
Jc Electric,ID,1504,8187,1,Rob,,,,,,,,,
Skyline Solar,NJ,1505,5887,1,Chris,,,,,,,,,
Solar Guardians Usa,NJ,1995,0,3,Chris,,,,,,,,,
5733cod,CA,1506,5733,1,Rob,,,,,,,,,
"Elected Electric, Llc",FL,1507,8618,1,Justin,,,,,,,,,
Palmetto Clean Technology Inc,CA,1508,6435,1,Rob,,,,,,,,,
Sun Services Usa,FL,1509,5621,1,Justin,,,,,,,,,
Nrg Clean Power Inc,TX,1512,1024,1,Ken,,,,,,,,,
Region Solar,FL,1513,8018,1,Justin,,,,,,,,,
Vantage Point Solar,TX,1514,237,1,Ken,,,,,,,,,
Sunergy Solar Llc,AR,1515,4187,1,Ken,,,,,,,,,
Soco Solar Energy,CO,1516,2685,1,Ken,,,,,,,,,
Affordable Solar Roof & Air,TX,1517,8018,1,Ken,,,,,,,,,
Evolution Power Dba Jar Solar,FL,1518,5621,1,Justin,,,,,,,,,
Harvest Solar Mt,MT,1519,821,1,Rob,,,,,,,,,
Eclipse Solar,TX,1521,236,1,Ken,,,,,,,,,
Powur Solar,FL,1522,4560,1,Justin,,,,,,,,,
Airtech Services And Filters Llc,WA,1523,8801,1,Rob,,,,,,,,,
Burgeson's Heating & Ac,CA,1524,6435,1,Rob,,,,,,,,,
Diamond Solar,FL,1525,5621,1,Justin,,,,,,,,,
Exact Solar Dba Flowermark Llc,PA,1996,0,3,Chris,,,,,,,,,
Cnc Solar,DE,1997,0,3,Chris,,,,,,,,,
Burnham & Sun,CO,1527,2459,1,Ken,,,,,,,,,
Infinity Solar,NM,1528,148,1,Ken,,,,,,,,,
Jaga Networks Llc,NM,1529,148,1,Ken,,,,,,,,,
Next Energy Llc,WI,1530,4407,1,Guy,,,,,,,,,
Velocity Energy & Home Solutions,NJ,1998,0,3,Chris,,,,,,,,,
Eleanore Electric,CA,1531,6552,1,Rob,,,,,,,,,
Helios Solar Energy Llc,MA,1532,224,1,Chris,,,,,,,,,
Powur Pbc,AZ,1533,6435,1,Ken,,,,,,,,,
Solarugreen,TX,1534,237,1,Ken,,,,,,,,,
Charged Earth Series Llc,TX,1535,237,1,Ken,,,,,,,,,
Electrotek Power Systems,PA,1536,5887,1,Chris,,,,,,,,,
Power Energy Solutions,NJ,1999,0,3,Chris,,,,,,,,,
Un-Grid,ME,1537,4422,1,Chris,,,,,,,,,
Cod Sales,AR,1538,4187,1,Ken,,,,,,,,,
Solar Incite Llc,MA,1539,224,1,Chris,,,,,,,,,
Cedar Creek Energy,MN,1540,4664,1,Guy,,,,,,,,,
Master's Home Solutions - Cod,NJ,1541,5887,1,Chris,,,,,,,,,
"Palmetto Clean Technology, Inc",IL,1542,6640,1,Guy,,,,,,,,,
Cod - Solarface,FL,1543,8018,1,Justin,,,,,,,,,
Mo's Electric & Solar,ME,1544,4422,1,Chris,,,,,,,,,
My Energy Monster,MA,1545,224,1,Chris,,,,,,,,,
Peninsula Solar,MI,1546,4664,1,Guy,,,,,,,11.8,,
Solarwise Energy Solutions,NC,1547,6058,1,Chris,,,,,,,,,
Aloha Solar,CA,1548,7133,1,Rob,,,,,,,,,
Homes Dot Solar,FL,1549,8018,1,Justin,,,,,,,,,
American Hvac & Solar,CA,1550,6552,1,Rob,,,,,,,,,
Axia Solar Corp,TX,1551,237,1,Ken,,,,,,,,,
Cod Sales,WI,1552,4407,1,Guy,,,,,,,,,
Homeowner/ 1 Time Sale,KS,1553,3584,1,Ken,,,,,,,,,
"Palmetto Clean Technology, Inc.",VA,1554,9106,1,Chris,,,,,,,,,
Artificial Grass Turf Co,AZ,1556,8756,1,Ken,,,,,,,,,
Barnhardt Construction Dba Affordab,FL,1557,8018,1,Justin,,,,,,,,,
Black 33 Llc  Dba Solq,NE,1558,987,1,Guy,,,,,,,,,
Cod Sales Latam,FL,1559,4560,1,Justin,,,,,,,,,
Evolution Power,FL,1560,5621,1,Justin,,,,,,,,,
Pozitiv Energy,PA,1561,5944,1,Chris,,,,,,,,,
Rooftop Power Llc,MA,1562,224,1,Chris,,,,,,,,,
Ace Residential Solar Llc,NH,1563,224,1,Chris,,,,,,,,,
Complete Solar,CT,1564,4984,1,Chris,,,,,,,,,
Mpower Energy,NY,1566,4250,1,Chris,,,,,,,,,
Solar Gain West Llc,AZ,1567,8808,1,Ken,,,,,,,,,
Wired Up Electrical Service,FL,1568,8018,1,Justin,,,,,,,,,
Current Renewable Efficiencies,IA,1569,987,1,Guy,,,,,,,,,
Solar Service,TX,1570,236,1,Ken,,,,,,,,,
White Label Solar Llc,MA,1571,224,1,Chris,,,,,,,,,
Ace Electrical Services Inc Cod,TX,1572,3273,1,Ken,,,,,,,,,
Atlantic Alternative Power,MA,1573,4984,1,Chris,,,,,,,,,
Savkat,CT,1574,4984,1,Chris,,,,,,,,,
Atek Distribution,MN,1575,4664,1,Guy,,,,,,,,,
Cod - Advanced Integrated Solar,FL,1576,8018,1,Justin,,,,,,,,,
Tge Solar,WA,1577,8187,1,Rob,,,,,,,,,
Cod-Global Solar Group,TX,1578,1987,1,Ken,,,,,,,,,
Enlight.energy,FL,1579,8018,1,Justin,,,,,,,,,
Green Light Solar,TX,1580,3273,1,Ken,,,,,,,,,
Amazon Solar,FL,1581,5621,1,Justin,,,,,,,,,
Cornerstone Construction Team Llc,SC,1582,1132,1,Justin,,,,,,,,,
Lonestar Solar Services Llc,TX,1583,3273,1,Ken,,,,,,,,,
[Cod] Expert Solar Pros,VA,1584,6408,1,Chris,,,,,,,,,
"Acdc Solar, Llc",FL,1585,4560,1,Justin,,,,,,,,,
"Hesolar, Llc",TX,1586,236,1,Ken,,,,,,,,,
Icon Power Llc,NM,1587,148,1,Ken,,,,,,,,,
Metro Express Service,TX,1588,237,1,Ken,,,,,,,,,
Cod Advanced Property Services,CA,1590,7605,1,Rob,,,,,,,,,
Empire Solar Solutions,CT,1591,1670,1,Chris,,,,,,,,,
Novasource,OH,1592,224,1,Guy,,,,,,,,,
Solar Energy Partners Llc,SC,1593,1132,1,Justin,,,,,,,,,
"Mission Energy, Llc",VA,2000,0,3,Chris,,,,,,,,,
Nys Essential Power,NY,1594,4250,1,Chris,,,,,,,,,
True Pwr Llc,CA,1595,7133,1,Rob,,,,,,,,,
Cod-Accurate Electric,TX,1596,1987,1,Ken,,,,,,,,,
Cod-Advanced Technologies Of Nm,NM,1597,1987,1,Ken,,,,,,,,,
Icon / Kinhome,TX,1598,237,1,Ken,,,,,,,,,
Meyer And Sons Builders Inc,MA,1599,224,1,Chris,,,,,,,,,
Streib Company,MO,1600,6640,1,Guy,,,,,,,,,
On Point Solar Power Llc,TX,1601,8756,1,Ken,,,,,,,,,
Cod Accounts,CA,1602,1024,1,Rob,,,,,,,,,
Watts Up Engineering,WI,1603,4407,1,Guy,,,,,,,,,
Jason Colgan Works,FL,1604,5888,1,Justin,,,,,,,,,
Earthlight Technologies,CT,1605,4984,1,Chris,,,,,,,,,
Renewable Energy Services,RI,2001,0,3,Chris,,,,,,,,,
Sunvantage Solar,CA,1606,7133,1,Rob,,,,,,,,,
Athens Electric,OH,2002,0,3,Guy,,,,,,,,,
Florida State Energy,FL,1607,5621,1,Justin,,,,,,,,,
Ny Solar Maint / Amer Solar Repair,FL,1608,5621,1,Justin,,,,,,,,,
Ready Solar,NC,1609,6058,1,Chris,,,,,,,,,
Looper Energy Llc,FL,1611,8618,1,Justin,,,,,,,,,
Palmetto Clean Technology,MA,1612,4431,1,Chris,,,,,,,,,
Action Solar,CO,1613,2685,1,Ken,,,,,,,,,
Astrawatt Solar,OK,1614,5364,1,Ken,,,,,,,,,
C Lane Properties,NJ,2003,0,3,Chris,,,,,,,,,
Cod - Source Energy Llc,FL,1615,8018,1,Justin,,,,,,,,,
Infinity Solar/Tml,OR,1616,5971,1,Rob,,,,,,118,,,
Legion Solar,NV,1617,4090,1,Rob,,,,,,,,,
Cod - On Point Solar Power Llc,FL,1618,8018,1,Justin,,,,,,,,,
Cod-Dba Solar Kings,TX,1619,1987,1,Ken,,,,,,,,,
Green Home Enterprises,IL,1620,1045,1,Guy,,,,,,,,,
Sunpower Corporation,MA,1621,4984,1,Chris,,,,,,,,,
Brightway Home Service Llc,FL,1622,8018,1,Justin,,,,,,,,,
Castor Solar,FL,1623,8018,1,Justin,,,,,,,,,
Cfl Electric Solutions,FL,1624,5621,1,Justin,,,,,,,,,
Croton Energy Group Inc,NY,2004,0,3,Chris,,,,,,,,,
Premier Aesthetix Installation And,OK,1625,5364,1,Ken,,,,,,,,,
One World Energy,TX,1626,1987,1,Ken,,,,,,,,,
"Accurate Site Development, Llc",VA,1627,6408,1,Chris,,,,,,,,,
Cod-Mountain Star Solar Group,TX,1628,1987,1,Ken,,,,,,,,,
Powur,TX,1630,3273,1,Ken,,,,,,,,,
Sunpurity Solar,NJ,1631,5887,1,Chris,,,,,,,,,
Aec Solar,CT,1632,4984,1,Chris,,,,,,,,,
Connectm Technology Services Llc,MA,1633,224,1,Chris,,,,,,,,,
Moore Energy Llc,PA,2005,0,3,Chris,,,,,,,,,
Solar Sam,MO,1634,3584,1,Guy,,,,,,,,,
Novasource In Care Of Sst Construct,CA,1636,5887,1,Rob,,,,,,,,,
[Cod] Cash Sales,VA,1637,6408,1,Chris,,,,,,,,,
Cod Sales,MN,1638,4664,1,Guy,,,,,,,,,
Cyberdyne Construction Llc,CA,1639,7133,1,Rob,,,,,,,,,
Green Home Enterprises,WI,1640,4664,1,Guy,,,,,,,,,
Lumio Hx Inc,NJ,1641,5887,1,Chris,,,,,,,,,
Peak Power Usa,CA,1642,6435,1,Rob,,,,,,,,,
Sentry Roofing,NH,1643,224,1,Chris,,,,,,,,,
Spark Solar,TX,1644,237,1,Ken,,,,,,236,,,
All Solar,FL,1645,5621,1,Justin,,,,,,,,,
Lumio Hx Inc,FL,1646,8018,1,Justin,,,,,,,,,
"Solartyme By Aapco, Llc",VA,1647,6408,1,Chris,,,,,,,,,
Solq Dba Black 33,IA,1648,987,1,Guy,,,,,,,,,
Exact Energy Partners Dba Exact Solar,PA,2006,0,3,Chris,,,,,,,,,
Hammond,IN,1649,1045,1,Guy,,,,,,,,,
Panasun Llc,FL,1650,5621,1,Justin,,,,,,,,,
"Sunny Day Solar Farms, Llc",FL,1652,5888,1,Justin,,,,,,,,,
"Guardian Solar, Llc",FL,1653,8618,1,Justin,,,,,,,,,
Mass Power Solutions,MA,1654,4431,1,Chris,,,,,,,,,
Palmetto  Clean Technology,PA,1655,5887,1,Chris,,,,,,,,,
Kayo Llc Dba Kayo Energy,AZ,1656,8756,1,Ken,,,,,,,,,
Suntuity Solar,PA,1657,5944,1,Chris,,,,,,,,,
Moore Energy,PA,1658,5887,1,Chris,,,,,,,,,
Perennial Renewables,ME,1659,4422,1,Chris,,,,,,,,,
Powered By Green,CA,1660,8797,1,Rob,,,,,,,,,
Skyline Solar,CT,1661,4984,1,Chris,,,,,,,,,
Bryant Roofing & Solar,CA,1662,2576,1,Rob,,,,,,,,,
Nivo Solar,OK,1664,5364,1,Ken,,,,,,,,,
Solar Direct,FL,1665,8018,1,Justin,,,,,,,,,
Solar Life Technology,TX,1666,237,1,Ken,,,,,,,,,
Acp Home Armour,FL,1668,4560,1,Justin,,,,,,,,,
"Alexa Air, Inc",FL,1669,8018,1,Justin,,,,,,,,,
Cod-Pep Solar,AZ,1670,8756,1,Ken,,,,,,,,,
Titan Solar Power,MD,1671,9106,1,Chris,,,,,,,,,
Tsj Electrical & Comm,CA,1672,6435,1,Rob,,,,,,,,,
"United Solar, Llc",WA,1673,8064,1,Rob,,,,,,,,,
Novasource  C/O Sst Construction,AZ,1674,8756,1,Ken,,,,,,,,,
Powur Pbc,CO,1675,1875,1,Ken,,,,,,,,,
Palmetto Clean Technology,MI,1676,960,1,Guy,,,,,,,,,
Sunfire Solar Systems Llc,NM,1677,148,1,Ken,,,,,,,,,
Circa Energy - Sungage,MD,2007,0,3,Chris,,,,,,,,,
Novasource In Care Of Sst Construct,NJ,1678,5887,1,Chris,,,,,,,,,
Power Energy Solutions/Cod,NJ,1679,5887,1,Chris,,,,,,,,,
Sunpower Corporation,FL,1680,5621,1,Justin,,,,,,,,,
Cod - Bluenergy Llc,FL,1681,8018,1,Justin,,,,,,,,,
Next Level Home Solutions,NJ,2008,0,3,Chris,,,,,,,,,
Revolution Energy Systems,IL,1682,6640,1,Guy,,,,,,,,,
Revolution Solar,MI,1683,960,1,Guy,,,,,,,,,
Smart Solar Supply,IA,1684,987,1,Guy,,,,,,,,,
Cod Sales,MA,1685,4431,1,Chris,,,,,,,,,
Epo Energy Llc,IA,1686,987,1,Guy,,,,,,,,,
Freedom Solar,NC,1687,1132,1,Chris,,,,,,,,,
Smart Energy - Shop Acct,TX,1689,4391,1,Ken,,,,,,,,,
Equisolar,TX,1690,237,1,Ken,,,,,,,,,
Erus Energy,AZ,1691,8756,1,Ken,,,,,,,,,
T&K Electric Company,AZ,1692,8756,1,Ken,,,,,,,,,
Flex Energy,CA,1693,311,1,Rob,,,,,,,,,
Mack Solar,NJ,1694,5887,1,Chris,,,,,,,,,
Austin Building Services,CA,1695,7605,1,Rob,,,,,,,,,
Cod-Advanced Technologies Of Nm,TX,1696,1987,1,Ken,,,,,,,,,
Nopaces Llc,NM,1697,148,1,Ken,,,,,,,,,
"Paradise Power Company, Inc",NM,1698,148,1,Ken,,,,,,,,,
Flow State Solar,CO,1699,1875,1,Ken,,,,,,,,,
Posigen Solar Support,MA,1700,224,1,Chris,,,,,,,,,
Rectify Solar,MI,1701,960,1,Guy,,,,,,,,,
Small Town Solar (Okc),OK,1702,5364,1,Ken,,,,,,,,,
Elite Energy Llc D.b.a Ascend,TX,1703,3273,1,Ken,,,,,,,,,
Prime Energy,CT,1704,4984,1,Chris,,,,,,,,,
Solar Tek Energy Of Austin,TX,1705,236,1,Ken,,,,,,,,,
Smart Roof Solar Llc,VA,2009,0,3,Chris,,,,,,,,,
Revolution Energy Systems,MO,1706,6640,1,Guy,,,,,,,,,
Suntuity,MA,1707,5887,1,Chris,,,,,,,,,
Arcadia Solar,AZ,1708,8756,1,Ken,,,,,,,,,
Freedom Solar,VA,1709,1132,1,Chris,,,,,,,,,
Paic Solar - Cod,TX,1710,239,1,Ken,,,,,,,,,
Cod Sales,AZ,1711,8808,1,Ken,,,,,,,,,
E2 Solar Inc,MA,1712,4431,1,Chris,,,,,,,,,
Encor Solar Llc,CO,1713,1127,1,Ken,,,,,,,,,
The Solar Exchange,AZ,1714,8756,1,Ken,,,,,,,,,
Cod-Infinity Solar,AZ,1716,8756,1,Ken,,,,,,,,,
Eclipse Solar Logistics Epc,TX,1717,237,1,Ken,,,,,,,,,
Lumio Hx Inc,ID,1718,756,1,Rob,,,,,,,,,
Rectify Solar Llc,MI,1719,3293,1,Guy,,,,,,,,,
Ab Solar And Roofing,TX,1720,237,1,Ken,,,,,,,,,
Helio,IL,1721,6640,1,Guy,,,,,,,,,
Nyreer,NY,1722,120,1,Chris,,,,,,,,,
Palmetto Clean Technology,PA,1723,5887,1,Chris,,,,,,,,,
Sangamon,IN,1724,1045,1,Guy,,,,,,,,,
Top Tier Solar Solutions,VA,1725,1132,1,Chris,,,,,,,,,
**Cod** Faraday Electric,CO,1726,1875,1,Ken,,,,,,,,,
Impact Energy Llc,NJ,1727,5887,1,Chris,,,,,,,,,
Revision Energy Llc,NH,1728,4422,1,Chris,,,,,,,,,
Suntria,TX,1729,239,1,Ken,,,,,,,,,
Artificial Grass Turf Co,CA,1730,8756,1,Rob,,,,,,,,,
Custom Energy Service,UT,1731,6692,1,Rob,,,,,,,,,
Redemption Solar And Roofing,KY,1732,1154,1,Guy,,,,,,,,,
Sunnova Energy Corporation,MA,1733,4431,1,Chris,,,,,,,,,
Kaw Valley,KS,1734,3584,1,Ken,,,,,,,,,
Tlp Electric Integrations,CA,1735,6435,1,Rob,,,,,,,,,
Am Shine Electric,CA,1736,1024,1,Rob,,,,,,,,,
Freedom Solar Power,NC,1737,1132,1,Chris,,,,,,,,,
Next Phase Electric,CA,1738,311,1,Rob,,,,,,,,,
Nrg Clean Power,CA,1739,7492,1,Rob,,,,,,,,,
Smartroof Inc,VA,1740,9106,1,Chris,,,,,,,,,
Stewart Electric Llc.,CA,1741,4090,1,Rob,,,,,,,,,
"Baker Home Energy, Nb Baker Az",AZ,1742,8756,1,Ken,,,,,,,,,
Britestreet Energy Depot,CO,1743,1875,1,Ken,,,,,,,,,
Freedom Solar Power,CO,1744,1127,1,Ken,,,,,,,,,
Freedom Solar Power,TX,1745,236,1,Ken,,,,,,,,,
Prevost Installations,TX,1746,237,1,Ken,,,,,,,,,
Sync Renewables,CT,1747,4984,1,Chris,,,,,,,,,
Syngulf Energy Llc,TX,1748,237,1,Ken,,,,,,,,,
Vision Solar/Cod,NJ,1749,5887,1,Chris,,,,,,,,,
Cod - Vantage Point Solar,TX,1750,4391,1,Ken,,,,,,,,,
1 Solar,AZ,1751,8756,1,Ken,,,,,,,,,
Buffalo Solar Solutions Inc,PA,1752,6462,1,Chris,,,,,,,,,
Freedom Solar Power,VA,1753,1132,1,Chris,,,,,,,,,
Palmetto Clean Technology,OH,1754,1154,1,Guy,,,,,,,,,
Solar Solution Az Llc **+,AZ,1756,8808,1,Ken,,,,,,,,,
American Power,TX,1757,236,1,Ken,,,,,,,,,
Florida Eco Electric,FL,1758,5621,1,Justin,,,,,,,,,
Smart Solar Cod,CA,1759,7133,1,Rob,,,,,,,,,
Suntuity,KS,1760,5887,1,Ken,,,,,,,,,
Vision Solar,NJ,2010,0,3,Chris,,,,,,,,,
Wired Goat Llc,WA,1762,8187,1,Rob,,,,,,,,,
Avvio Solar Cod,OK,1763,5364,1,Ken,,,,,,,,,
Psg Lmtd Inc,NJ,1765,5887,1,Chris,,,,,,,,,
Solar Works Energy,CO,1766,1875,1,Ken,,,,,,,,,
Sunpower Corporation,NJ,1767,4984,1,Chris,,,,,,,,,
Ambia Energy Llc,FL,1768,5621,1,Justin,,,,,,,,,
Ams Solar Power,CA,1769,6435,1,Rob,,,,,,,,,
Eldridge Roofing & Repair,TX,1770,3273,1,Ken,,,,,,,,,
"Energy Select, Llc",MD,2011,0,3,Chris,,,,,,,,,
Meraki,TX,1771,3273,1,Ken,,,,,,,,,
Nationwide Solar Installer Services,FL,1772,4560,1,Justin,,,,,,,,,
Palmetto Clean Technology,FL,1773,5621,1,Justin,,,,,,,,,
Bob Heinmiller Air Conditioning,FL,1774,5621,1,Justin,,,,,,,,,
Fusion Power,AZ,1775,8756,1,Ken,,,,,,,,,
Sun Rite,MA,1776,224,1,Chris,,,,,,,,,
1st Light Energy,CA,1777,8797,1,Rob,,,,,,,,,
Bright Power Inc (Dba Bpi),CA,1778,5040,1,Rob,,,,,,,,,
Solar Grids,IL,1779,987,1,Guy,,,,,,,,,
Valley Solar Solutions,CA,1780,2576,1,Rob,,,,,,,,,
Advanced Solar Llc,IN,2012,0,3,Guy,,,,,,,,,
Ce Team Inc,NJ,2013,0,3,Chris,,,,,,,,,
Cod Non Contr,CA,1782,6552,1,Rob,,,,,,,,,
Cod-Sunflower Solar,TX,1783,1987,1,Ken,,,,,,,,,
Kin Home,FL,1784,8018,1,Justin,,,,,,,,,
On Point Solar Power,AZ,1785,8756,1,Ken,,,,,,,,,
Sbs Solar Inc,MT,1786,4639,1,Rob,,,,,,,,,
Sustainable Revolution - Sunblaze,AZ,1787,8808,1,Ken,,,,,,,,,
7953 Cod Sales,CA,1788,7953,1,Rob,,,,,,,,,
Blue Sky Smart Solutions,IA,1790,987,1,Guy,,,,,,,,,
"Solq, Llc",NE,1791,987,1,Guy,,,,,,,,,
"Solq, Llc",WI,1792,4407,1,Guy,,,,,,,,,
Crafty Electric,OH,1793,1154,1,Guy,,,,,,,,,
Cavu Solar,VA,2014,0,3,Chris,,,,,,,,,
Green Power Energy,TX,1794,236,1,Ken,,,,,,,,,
Nuwatt Energy,NH,1795,224,1,Chris,,,,,,,,,
Ampwrx Llc,CA,1796,8797,1,Rob,,,,,,,,,
Builtmx Inc.,FL,1798,5621,1,Justin,,,,,,,,,
Circle L Solar,TX,1799,236,1,Ken,,,,,,,,,
Nitro Dba Revolt,WV,1800,5944,1,Chris,,,,,,,,,
Energy Harbor Llc,FL,1801,8018,1,Justin,,,,,,,,,
Evolution Power Llc,FL,1802,8618,1,Justin,,,,,,,,,
"Green Alternatives, Inc",IN,2015,0,3,Guy,,,,,,,,,
Lgcy Power,FL,1803,5621,1,Justin,,,,,,,,,
Power Up Renewables,OH,1804,1154,1,Guy,,,,,,,,,
Blue Raven Solar,ID,1805,5951,1,Rob,,,,,,,,,
Design 1 Group,VA,1806,6058,1,Chris,,,,,,,,,
Jaga Networks,NM,1807,148,1,Ken,,,,,,,,,
Nivo Solar Llc,TX,1808,236,1,Ken,,,,,,,,,
Power Production Management,FL,1809,5621,1,Justin,,,,,,,,,
Simple Solar,FL,1810,8018,1,Justin,,,,,,,,,
Admiral Smart Home - Cod,TX,1811,239,1,Ken,,,,,,,,,
Kansas Solar Systems,KS,1812,3584,1,Ken,,,,,,,,,
Hays Electrical Services,TX,1813,236,1,Ken,,,,,,,,,
Pe Solar (Pure Energy),NC,1814,6058,1,Chris,,,,,,,,,
Green Choice Energy Inc,CA,1815,7133,1,Rob,,,,,,,,,
Icon Power,NV,1816,4090,1,Rob,,,,,,,,,
American Solar Repair-Cod,NJ,1817,5887,1,Chris,,,,,,,,,
American Solar Repair-Cod,CT,1818,5887,1,Chris,,,,,,,,,
Blue Raven Solar,OH,1819,1154,1,Guy,,,,,,,,,
D&D Solar,IL,1820,6640,1,Guy,,,,,,,,,
Greenspire Llc,NJ,1821,6435,1,Chris,,,,,,,,,
Ozono Dba Do Electric-Diamond Solar,TX,1822,237,1,Ken,,,,,,,,,
American Solar Repair-Cod,NY,1823,5887,1,Chris,,,,,,,,,
Solar Grids,KS,1824,9439,1,Ken,,,,,,,,,
Cod-Equisolar,TX,1825,1987,1,Ken,,,,,,,,,
Complete Solar,NH,1826,4422,1,Chris,,,,,,,,,
Epic Energies,FL,1827,4560,1,Justin,,,,,,,73.16,,
Freedom Energy,MT,1828,4639,1,Rob,,,,,,,,,
Pure Energy,CO,1829,1127,1,Ken,,,,,,,,,
Sun In One,DE,2016,0,3,Chris,,,,,,,,,
Devlin Energy,ME,1830,4422,1,Chris,,,,,,,,,
Gradient Electric,WA,1831,8801,1,Rob,,,,,,,,,
Purelight Power,OR,1832,4450,1,Rob,,,,,,,,,
Superior Solar Design Llc,PA,2017,0,3,Chris,,,,,,,,,
"Capital Energy, Llc",AZ,1833,8756,1,Ken,,,,,,,,,
Cod - Amped Bros,TX,1834,4391,1,Ken,,,,,,,,,
Geo Electric,WA,1836,8187,1,Rob,,,,,,,,,
Superior Solar,NJ,1837,5887,1,Chris,,,,,,,,,
American Solar Repair-Cod,PA,1838,5887,1,Chris,,,,,,,,,
Geoscape Solar Llc,PA,1839,5887,1,Chris,,,,,,,,,
Lemon Drop,CA,1840,7133,1,Rob,,,,,,,,,
"Solq, Llc",IA,1842,987,1,Guy,,,,,,,,,
Elite Electircal Contracting,CT,1843,4984,1,Chris,,,,,,,,,
Lgcy Power,CO,1844,1875,1,Ken,,,,,,,,,
New Day Energy,MA,1845,4431,1,Chris,,,,,,,,,
Tge Solar,OH,1846,1154,1,Guy,,,,,,,,,
Solar Solutions Of America,TX,1847,236,1,Ken,,,,,,,,,
Novasource Power,CA,1848,6435,1,Rob,,,,,,,,,
Sunnymac,PA,1849,5887,1,Chris,,,,,,,,,
Star Solar Specialists,IN,2018,0,3,Guy,,,,,,,,,
Cod - Duralast Roofing & Constructi,FL,1850,8618,1,Justin,,,,,,,,,
One80 Solar--Cod,TX,1851,239,1,Ken,,,,,,,,,
Cal-Sun Dba Pnw Solar Solutions,WA,1852,8187,1,Rob,,,,,,,,,
Expert Inc.,SC,1853,1132,1,Justin,,,,,,,,,
**Cod**Remove And Replace Solar,CO,1855,1875,1,Ken,,,,,,,,,
Granite State Solar,ME,1856,224,1,Chris,,,,,,,,,
Mountain Solar Llc,MT,1857,821,1,Rob,,,,,,,,,
Opal Energy Group,PA,1858,5887,1,Chris,,,,,,,,,
Ambia Energy Llc,CO,1859,6026,1,Ken,,,,,,,,,
Tge Solar,KY,1861,1154,1,Guy,,,,,,,,,
Add On Electric Inc,NM,1862,148,1,Ken,,,,,,,,,
American Energy And Construction,TX,1863,237,1,Ken,,,,,,,,,
Empwr Solar,SC,1864,1132,1,Justin,,,,,,,,,
"New Mexico Solar Professional, Llc",NM,1865,148,1,Ken,,,,,,,,,
Sun Warrior Solar,IN,1866,3293,1,Guy,,,,,,,,,
Wolf River Electric,WI,1867,4664,1,Guy,,,,,,,,,
Green Power Energy,NJ,1868,8460,1,Chris,,,,,,,,,
Hammer & Bell Co,PA,2019,0,3,Chris,,,,,,,,,
Solcius Llc,CA,1869,6552,1,Rob,,,,,,,,,
Your Solar Shop,ID,1870,756,1,Rob,,,,,,,,,
"Cod - Lumio Hx, Inc",UT,1871,4391,1,Rob,,,,,,,,,
Evolution Solar Llc Dba Advanced Solar,,2154,0,3,,,,,,,,,,
Gc Solar,FL,1872,4560,1,Justin,,,,,,,,,
Live Free Energy,NH,1873,224,1,Chris,,,,,,,,,
Velocity Energy - Cod,NJ,1874,5887,1,Chris,,,,,,,,,
Infinity Solar/Tml,WA,1875,5971,1,Rob,,,,,,,,,
Quick Right Solar - Jose Palomares,CA,1876,2576,1,Rob,,,,,,,,,
Sunnova Energy Corp,CT,1877,4984,1,Chris,,,,,,,,,
Vital Energy,CA,1878,7953,1,Rob,,,,,,,,,
Solar Sme,CO,1879,236,1,Ken,,,,,,,,,
Superior Solar,PA,1880,5887,1,Chris,,,,,,,,,
Sunnova-Dhg,TX,1881,236,1,Ken,,,,,,,,,
[Cod] Nova Solar,VA,1882,6408,1,Chris,,,,,,,,,
Lowden Solar,IA,1883,987,1,Guy,,,,,,,,,
Solarponics Inc,CA,1884,7605,1,Rob,,,,,,,,,
Cod Sales,NH,1885,4422,1,Chris,,,,,,,,,
Kb Tech,TX,1887,237,1,Ken,,,,,,,,,
Lotus Electric Llc,CO,1888,1875,1,Ken,,,,,,,,,
Allied Solar Services Llc,CA,1889,1024,1,Rob,,,,,,,,,
Evergreen Solar And Construction,CA,1890,6435,1,Rob,,,,,,,,,
Green Rack Contracting Llc,PA,1891,5944,1,Chris,,,,,,,,,
Mona Lee Inc.,CA,1892,6552,1,Rob,,,,,,,,,
Pv Maine,ME,1893,4422,1,Chris,,,,,,,,,
Solio,TX,1894,237,1,Ken,,,,,,,,,
"Gkrw, Llc, Dba Ecoforce Solutions",CA,1895,1024,1,Rob,,,,,,,,,
Rhode Electric,MN,1896,4664,1,Guy,,,,,,,,,
Efs Energy Inc,MO,1897,6640,1,Guy,,,,,,,,,
Palmetto Clean Technology,CA,1898,6435,1,Rob,,,,,,,,,
Paic Solar,TX,1899,237,1,Ken,,,,,,,,,
Green Home Enterprises,TX,1900,236,1,Ken,,,,,,,,,
Greenlight Solar,TX,1901,239,1,Ken,,,,,,,,,
Heartland Solar,IA,1902,987,1,Guy,,,,,,,,,
Last Minute Solar,CA,1903,5733,1,Rob,,,,,,,,,
Rooftop Power Llc,NH,1904,224,1,Chris,,,,,,,,,
Solar Energy Specialists Corp,FL,1905,5621,1,Justin,,,,,,,,,
New York Solar Maintenance,NY,2021,0,3,Chris,,,,,,,,,
Sunbolt Construction,CA,1906,7953,1,Rob,,,,,,,,,
American Dream Solar,TX,1907,237,1,Ken,,,,,,,,,
Meraki Solutions,CO,1908,6026,1,Ken,,,,,,,,,
Nelnet Renewable Energy,NE,1909,5415,1,Guy,,,,,,,,,
"Sunfire Solar, Llc",TX,1910,1987,1,Ken,,,,,,,,,
Us Green Energy Technologies Inc.,CA,1912,7133,1,Rob,,,,,,,,,
Anova Solar,OK,1913,5364,1,Ken,,,,,,,,,
Mdc Solar,MD,1914,9106,1,Chris,,,,,,,,,
Cod Sales/ Misc,KS,1915,3584,1,Ken,,,,,,,,,
Team Solar,ME,1916,4422,1,Chris,,,,,,,,,
Yep Solar,MA,1917,224,1,Chris,,,,,,,,,
Fastrac,TX,1918,237,1,Ken,,,,,,,,,
Renew Usa,NY,1919,4250,1,Chris,,,,,,,,,
Cod-Solar Electric Freedom,AZ,1920,8756,1,Ken,,,,,,,,,
Complete Solar,CA,1921,6435,1,Rob,,,,,,,,,
Linkus,ID,1922,5951,1,Rob,,,,,,,,,
Mona Lee Inc,CA,1923,1024,1,Rob,,,,,,,,,
Solis Energy Services,MO,1924,6640,1,Guy,,,,,,,,,
Prime Home Solutions,CA,1925,6552,1,Rob,,,,,,,,,
Sumpter Solar Services,MI,1926,960,1,Guy,,,,,,,,,
"Ecogen Services ,Llc",MA,1928,224,1,Chris,,,,,,,,,
Prosolar Group Llc,FL,1929,5621,1,Justin,,,,,,,,,
Soleil Energy Corp,MD,1930,9106,1,Chris,,,,,,,,,
Cosmic Solar Cod,CA,1931,7133,1,Rob,,,,,,,,,
Greenlight Solar,CO,1932,1875,1,Ken,,,,,,,,,
Peninsula Solar,MI,2022,0,3,Guy,,,,,,,57.5,,
Simply Solar,CA,1933,7953,1,Rob,,,,,,,,,
Stellaris,MT,1934,821,1,Rob,,,,,,,,,
Sunstra,TX,1935,236,1,Ken,,,,,,,,,
All Energy Services Llc,FL,1936,5621,1,Justin,,,,,,,,,
Arrow Energy,IL,1937,987,1,Guy,,,,,,,,,
"Independence Renewable Energy,Llc.",IL,1938,1045,1,Guy,,,,,,,,,
Scott Sorensen Construction Inc,OR,1939,5971,1,Rob,,,,,,,,,
"Trident Solar, Llc",VA,1940,6408,1,Chris,,,,,,,9.2,,
Elected Electric Llc,FL,1941,8018,1,Justin,,,,,,,,,
"Hop Home Solutions, Llc",TX,1942,1987,1,Ken,,,,,,,,,
"Sunbum Solar, Inc.",VA,1943,6408,1,Chris,,,,,,,,,
Cod - Detach Reset Solar,FL,1944,8018,1,Justin,,,,,,,,,
Energy Solutions,OR,1945,5971,1,Rob,,,,,,,,,
Smith Electric,CT,1946,4984,1,Chris,,,,,,,,,
Palmetto Clean Technology,NC,1947,6058,1,Chris,,,,,,,,,
Sun Up Solar,ME,1948,4422,1,Chris,,,,,,,,,
Tml International,WA,1949,8064,1,Rob,,,,,,,153.4,,
Levion Construction,CA,1950,6552,1,Rob,,,,,,,,,
Current Electric,MA,1951,224,1,Chris,,,,,,,,,
Excel Home Solar,TX,1952,239,1,Ken,,,,,,,,,
Sunlogic Energy Solutions Inc.,NY,2023,0,3,Chris,,,,,,,,,
Valley Voltage Llc,AZ,1953,8756,1,Ken,,,,,,,,,
All Solar Inc.,CO,1954,6026,1,Ken,,,,,,,,,
Solarblocks,NY,1955,5887,1,Chris,,,,,,,,,
Solgrid Inc,MA,1956,4431,1,Chris,,,,,,,,,
Madjack Energy Solution,CA,1957,1024,1,Rob,,,,,,,,,
Robinhood Solar Dba Ethical Energy Solar,PA,2024,0,3,Chris,,,,,,,230,,
All Star Construction (Team Hero),CA,1958,6435,1,Rob,,,,,,,,,
Bill Durett Electric Dba Innova Sol,FL,1959,8618,1,Justin,,,,,,,,,
Cod Premier Aesthetix Installation,OK,1960,5364,1,Ken,,,,,,,,,
Empire Solar Power Energy,FL,1961,4560,1,Justin,,,,,,,94.4,,
Go Max Solar,CA,1962,6552,1,Rob,,,,,,,,,
Level Construction & Roofing Llc,FL,1963,5621,1,Justin,,,,,,,,,
Sierra Energy Savers,CA,1964,6552,1,Rob,,,,,,,47.2,,
Dmv Equity,CT,1965,1670,1,Chris,,,,,,,,,
Solar Power Pros Inc,CO,1966,1875,1,Ken,,,,,,,,,
Carbon Recall,MT,1967,4639,1,Rob,,,,,,,,,
Cod Contractor,CA,1968,6552,1,Rob,,,,,,,,,
Gurr Brothers,MI,1969,960,1,Guy,,,,,,,,,
Palmetto Clean Technology,TX,1970,237,1,Ken,,,,,,,,,
Plug It In Systems,CA,1971,1024,1,Rob,,,,,,,,,
Precision Solar Cayman Islands,FL,2129,0,2,Justin,,,,,,,,860,
"Rhythm Solar Llc, Dba Define Solar",,2155,0,3,,,,,,,,,,
Xolar Renewable Energy,IL,2131,0,2,Guy,,,,,,,,,
Connecticut Solar Power *Cod*,CT,1972,1670,1,Chris,,,,,,,,,
Rnr Roofing,CA,1973,6435,1,Rob,,,,,,,,,
Revolution Energy Systems,IL,2132,0,2,Guy,,,,,,,,1548,
Smartroof Inc,MD,1974,9106,1,Chris,,,,,,,,,
Strawberry Solar,MI,2133,0,2,Guy,,,,,,,,430,
Crescent Electric Supply,IL,2134,0,2,Guy,,,,,,,,,
Linkus,CA,1975,6552,1,Rob,,,,,,,,165.2,
Live Solar,ID,1976,5951,1,Rob,,,,,,,,,
Palmetto Clean Technology,NJ,1977,5887,1,Chris,,,,,,,,,
Ram Roofing & Solar,IA,1978,987,1,Guy,,,,,,,,,
"Us Energy Concierge, Inc",NY,2135,0,2,Chris,,,,,,,,172,
Central Homes Solar,FL,1979,5621,1,Justin,,,,,,,,,
Cod-Solar Solution Az,AZ,1980,8808,1,Ken,,,,,,,,,
Solar Installations By Marcor,NY,2136,0,2,Chris,,,,,,,,86,
The Green Panel,MI,2137,0,2,Guy,,,,,,,,946,
Cal-Sun Dba Pnw Solar Solutions,ID,1981,8187,1,Rob,,,,,,,,,
Gotsun-Gosolar,MA,1982,4431,1,Chris,,,,,,,,,
Amarillo Solar Pros,TX,2138,0,2,Ken,,,,,,,,,
Celestial Solar Innovations,MD,2139,0,2,Chris,,,,,,,,86,
Uprise Solar,MD,1983,9106,1,Chris,,,,,,,,,
Bright Eye Solar,PA,2026,0,3,Chris,,,,,,,,,
G3,OH,2040,1154,1,Guy,,,,,,,,,
Osceola Energy,NM,2041,148,1,Ken,,,,,,,,,
Radiant Energy & Solar,FL,2042,5621,1,Justin,,,,,,,,,
Skyline Solar - Nj/Ma/Ct,NJ,2140,0,2,Chris,,,,,,,,,
Canary Solar & Security Llc,AZ,2043,8756,1,Ken,,,,,,,,,
Exact Energy Partners Llc,PA,2141,0,2,Chris,,,,,,,,2150,
Meraki Solutions,NM,2044,148,1,Ken,,,,,,,,,
Nivo Solar,KS,2045,3584,1,Ken,,,,,,,,,
Burro Electric,AZ,2046,8756,1,Ken,,,,,,,,,
Cod - Energize 806,TX,2047,4391,1,Ken,,,,,,,,,
"Ideal Energy, Inc.",IA,2048,987,1,Guy,,,,,,,,,
Powur Pbc,CT,2049,4984,1,Chris,,,,,,,,,
Scsp Solar,SC,2050,1132,1,Justin,,,,,,,,,
Solar Gain Inc.,AZ,2051,8808,1,Ken,,,,,,,,,
The Solar Resource,OH,2052,1154,1,Guy,,,,,,,,,
Costanza And Sun Llc Dba Sunpower Builders,,2156,0,3,,,,,,,,,,
Fortune Energy,MA,2028,0,3,Chris,,,,,,,,,
United American Marketing Corp.,IL,2143,0,2,Guy,,,,,,,,,
Circle-L Solar,TX,2054,237,1,Ken,,,,,,,,,
Elite Roofing And Solar,CO,2055,1875,1,Ken,,,,,,,,,
Blue Sky Smart Solutions,KS,2056,9439,1,Ken,,,,,,,,,
Ecocentrix Energy Solutions,IL,2057,6640,1,Guy,,,,,,,,,
J.l. Electric And Contracting Llc,CO,2058,1875,1,Ken,,,,,,,,,
Sunwave,FL,2059,5621,1,Justin,,,,,,,,,
Smuckers Enterprises,PA,2029,0,3,Chris,,,,,,,,,
West Coast Solar Inc,FL,2060,8018,1,Justin,,,,,,,,,
American Design & Build Ltd,PA,2061,9106,1,Chris,,,,,,,,,
Artizan Electric,WA,2062,8187,1,Rob,,,,,,,,,
Cod Acct - Solectric Solution,CA,2063,6435,1,Rob,,,,,,,,,
Effortless Solar Llc,WI,2064,4407,1,Guy,,,,,,,,,
Palmetto Clean Technology,SC,2065,1132,1,Justin,,,,,,,,,
Pm&M Electric Dba Titan Solar,MD,2066,9106,1,Chris,,,,,,,,,
Solar Savings Direct,CA,2067,6552,1,Rob,,,,,,,,,
Solvolta,CA,2068,1024,1,Rob,,,,,,,,,
Sunpower Corporation,NY,2069,4984,1,Chris,,,,,,,,,
All Energy Solar,MN,2144,0,2,Guy,,,,,,,,215,
Danger Electric,NM,2070,148,1,Ken,,,,,,,,,
Elite Energy Llc D.b.a Ascend,NM,2071,3273,1,Ken,,,,,,,,,
Jhp Electric,CA,2072,6552,1,Rob,,,,,,,,,
Powur Pbc,MA,2073,4984,1,Chris,,,,,,,,,
Second Generation Energy Llc,MA,2074,4431,1,Chris,,,,,,,,,
Panel Masters Of Nj,,2157,0,3,,,,,,,,,,
Usesi Us Electrical Services Inc,MA,2031,0,3,Chris,,,,,,,,,
**Cod** Mile High Solar Maintenance,CO,2076,1875,1,Ken,,,,,,,,,
Caliber Solar Llc,ID,2077,5951,1,Rob,,,,,,,,,
"Commercial Solar Arizona, Llc",AZ,2078,8756,1,Ken,,,,,,,,,
Florida Solar Products Inc,FL,2146,0,2,Justin,,,,,,,,774,
Okie Solar,OK,2079,5364,1,Ken,,,,,,,,,
Windmar Home,FL,2080,5621,1,Justin,,,,,,,,,
Cod Good Energy,CA,2081,7605,1,Rob,,,,,,,,,
Ethos Green Power,WI,2082,4407,1,Guy,,,,,,,,,
Kpost Roofing,TX,2083,237,1,Ken,,,,,,,,,
Revolution Energy Systems Inc,IN,2084,1045,1,Guy,,,,,,,,,
Ramona - Ced,CA,2085,7133,1,Rob,,,,,,,,,
Sp Solar,NJ,2086,5887,1,Chris,,,,,,,,,
Spectrum Energy Development,CA,2087,6552,1,Rob,,,,,,,,,
Sunnova,MD,2088,9106,1,Chris,,,,,,,,,
Solarmite Solutions,NJ,2147,0,2,Chris,,,,,,,,516,
Us Electrical Services Inc.,MA,2148,0,2,Chris,,,,,,,,,
Al & Jon Services,MA,2089,224,1,Chris,,,,,,,,,
Bright Solar,TX,2090,237,1,Ken,,,,,,,,,
Solara Home Energy,CA,2091,6552,1,Rob,,,,,,,,,
Cod-Cornerstone Energy+Builders Inc,TX,2092,1987,1,Ken,,,,,,,,,
Demo King,MD,2093,9106,1,Chris,,,,,,,,,
Srp Pros,FL,2094,8018,1,Justin,,,,,,,,,
Traylor A.d. Ventures,OR,2095,5971,1,Rob,,,,,,,,,
Velasco's Electrical,CA,2096,6435,1,Rob,,,,,,,,,
Cod-Modern Era Solar,TX,2097,1987,1,Ken,,,,,,,,,
Connectm,FL,2098,4560,1,Justin,,,,,,,,,
"Grid Solar, Llc",MO,2099,6640,1,Guy,,,,,,,,,
New Jersey Sun Tech,,2158,0,3,,,,,,,,,,
Affordable Solar Roof Air,TX,2101,237,1,Ken,,,,,,,,,
Celestar Solar,IN,2102,1045,1,Guy,,,,,,,,,
Cod Sales,KY,2103,3293,1,Guy,,,,,,,,,
Empowered Energy Systems,CO,2150,0,2,Ken,,,,,,,,129,
Lumio Hx Inc Shop Account,TX,2104,4391,1,Ken,,,,,,,,,
Meraki Solutions,TX,2105,3273,1,Ken,,,,,,,,,
Powur Pbc,IL,2106,4950,1,Guy,,,,,,,,,
Solar Energy Solutions,KY,2151,0,2,Guy,,,,,,,,,
Universal Electric Pnw Llc,WA,2107,8064,1,Rob,,,,,,,,,
Latam Cod Sales,"",2108,4560,1,,,,,,,,,,
M Energy Inc,CA,2109,6435,1,Rob,,,,,,,,,
Mynt Solar,CA,2110,6435,1,Rob,,,,,,,,,
Power Northwest Inc,OR,2111,5971,1,Rob,,,,,,,,,
