P_N,N,Category,Lot,Price_ea,Description_Original,Description_clean,Description
0799-5B,,Unknown,,"","","",""
30 Monthly Service Fee,,Unknown,,"","","",""
31,,Unknown,,"","","",""
31  Market Development,,Unknown,,"","","",""
31 Market Development,,Unknown,,"","","",""
33,,Unknown,,"","","",""
33 Business Trip Attendance,,Unknown,,"","","",""
34,,Unknown,,"","","",""
34 Obtaining Approval,,Unknown,,"","","",""
35 Sales - Service,,Unknown,,"","","",""
36,,Unknown,,"","","",""
36 Documentation & Translation,,Unknown,,"","","",""
37 Sales -Outsourcing Service,,Unknown,,"","","",""
39,,Unknown,,"","","",""
39 Preparation of Market Research Report,,Unknown,,"","","",""
785-M8-55N-BK,,Unknown,,"","","",""
806-5-60PSL-1200,1,Screws,1000,$0.36,SD5-60-1200EA-BOX,SD5-60-1200EA-BOX,sd5 60 1200ea box
806-5-60PSL-WP-1200,1,Screws,1000,$0.43,SD5-60-1200EA-BOX,SD5-60-1200EA-BOX,sd5 60 1200ea box
APEX SAMPLE KIT,1,APEX,,"","","",""
Adjustment,,Unknown,,"","","",""
Adjustment for Credit Notes,,Unknown,,"","","",""
CC PROCESSING,1,Unknown,1,"","","",""
CM by TOPC,,Unknown,,"","","",""
DYNOBOND 8,,Unknown,,"","","",""
Discount,,Unknown,,"","","",""
Dummy for AR,,Unknown,,"","","",""
EXP,,Unknown,,"","","",""
FREIGHT,,Unknown,,"","","",""
Financial charge,,Unknown,,"","","",""
Freight,,Unknown,,"","","",""
LOOSE MINIS,1,MINI,,"","","",""
PROCESSING FEE,1,Unknown,,"","","",""
PROCESSING FEE 2K -UNDER 3K,,Unknown,,"","","",""
PROCESSING FEE 3k-5k,,Unknown,,"","","",""
PROCESSING FEE UNDER USD2k,,Unknown,,"","","",""
Paper Box,,Unknown,,"","","",""
Processing,,Unknown,,"","","",""
Processing fee for orders $2000 to $2999.99,,Unknown,,"","","",""
"Processing fee for orders $3,000 to $5,000",,Unknown,,"","","",""
Processing fee for orders under $2000.00,,Unknown,,"","","",""
ROOFTECH MINI,1,MINI,20,$4.86,"","",""
RT-04-BN30SL-US,1,Bolts,100,$0.36,"","",""
RT-04-MINIBUTYL,1,Accessories,10,$1.18,"","",""
RT-3-04-M8BIT,1,Tools,1,$6.02,"","",""
RT-MINI-BUTYL-PAD,1,Accessories,10,$1.18,"","",""
RT-MISC,,Others,1,$0,"","",""
RT-RT200MINIBK7,1,MINI,20,$4.86,"MINI base, (20ea;40 screw), 10ea.  additional RT-Butyl pads. (20ea./BOX)","MINI base, (20ea;40 screw), 10ea. additional RT-Butyl pads. (20ea./BOX)",mini base 20ea 40 screw 10ea additional rt butyl pads 20ea box
RT-RT200MINIBK7-SET,,MINI,20,$4.86,"MINI base, (20ea;40 screw), 10ea.  additional RT-Butyl pads. (20ea./BOX)","MINI base, (20ea;40 screw), 10ea. additional RT-Butyl pads. (20ea./BOX)",mini base 20ea 40 screw 10ea additional rt butyl pads 20ea box
RT1-RT2-04-SD5-90,1,Screws,1,$0.75,"SD5-90 screw (1,000ea/box)","SD5-90 screw (1,000ea/box)",sd5 90 screw 1 000ea box
RT1-RT200MINIBK,1,MINI,20,$4.86,"MINI base, (20ea;40 screw), 10ea.  additional RT-Butyl pads. (20ea./BOX)","MINI base, (20ea;40 screw), 10ea. additional RT-Butyl pads. (20ea./BOX)",mini base 20ea 40 screw 10ea additional rt butyl pads 20ea box
RT1-RT204BN30SLUS,1,Bolts,100,$0.36,"5/16 HEX BOLT 30mm, FLANGE NUT SET for MINI ( 100pcs/Bag )","5/16 HEX BOLT 30mm, FLANGE NUT SET for MINI ( 100pcs/Bag )",5 16 hex bolt 30mm flange nut set for mini 100pcs bag
RT1-RT204FBN25,1,Bolts,100,$0.36,"5/16-18 x 1"""""""""""""""""""""""""""""""""""""""""""""""""""""""""""""""""""""""""""""""""""""""""""""""""""""""""""""""""""""""""""""""""""""""""""""""""""""""""""""""""""""""""""""""""""""""""""""""""""""""""""""""""""""""""""""""""""""""""""""""""""""""""""""""""""""""""""""""""""""""""""""""""""""""""""""""""""""""""""""""""""""""""""""""""""""""""""""""""""""""""""""""""""""""""""""""""""""""""""""""""""""""""""""""""""""""""""""""""""""""""""""""""""""""""""""""""""""""""""""""""""""""""""""""""""""""""""""""""""""""""""""""""""""""""""""""""""""""""""""""""""""""""""""""""""""""""""""""""""""""""""""""""""""""""""""""""""""""""""""""""""""""""""""""""""""""""""""""""""""""""""""""""""""""""""""""""""""""""""""""""""""""""""""""""""""""""""""""""""""""""""""""""""""""""""""""""""""""""""""""""""""""""""""""""""""""""""""""""""""""""""""""""""""""""""""""""""""""""""""""""""""""""""""""""""""""""""""""""""""""""""""""""""""""""""""""""""""""""""""""""""""""""""""""""""""""""""""""""""""""""""""""""""""""""""""""" HEX FLANGE BOLT 18-8 SST, NON-SERRATED / 5/16-18 SERRATED HEX FLANGE NUT SST (100EA/ BAG)","5/16-18 x 1"""""""""""""""""""""""""""""""""""""""""""""""""""""""""""""""""""""""""""""""""""""""""""""""""""""""""""""""""""""""""""""""""""""""""""""""""""""""""""""""""""""""""""""""""""""""""""""""""""""""""""""""""""""""""""""""""""""""""""""""""""""""""""""""""""""""""""""""""""""""""""""""""""""""""""""""""""""""""""""""""""""""""""""""""""""""""""""""""""""""""""""""""""""""""""""""""""""""""""""""""""""""""""""""""""""""""""""""""""""""""""""""""""""""""""""""""""""""""""""""""""""""""""""""""""""""""""""""""""""""""""""""""""""""""""""""""""""""""""""""""""""""""""""""""""""""""""""""""""""""""""""""""""""""""""""""""""""""""""""""""""""""""""""""""""""""""""""""""""""""""""""""""""""""""""""""""""""""""""""""""""""""""""""""""""""""""""""""""""""""""""""""""""""""""""""""""""""""""""""""""""""""""""""""""""""""""""""""""""""""""""""""""""""""""""""""""""""""""""""""""""""""""""""""""""""""""""""""""""""""""""""""""""""""""""""""""""""""""""""""""""""""""""""""""""""""""""""""""""""""""""""""""""""""""""""""" HEX FLANGE BOLT 18-8 SST, NON-SERRATED / 5/16-18 SERRATED HEX FLANGE NUT SST (100EA/ BAG)",5 16 18 x 1 hex flange bolt 18 8 sst non serrated 5 16 18 serrated hex flange nut sst 100ea bag
RT1-RT204MNBUTYL,1,Accessories,10,$1.18,"RT-MINI Butyl (10 ea./BOX)
",RT-MINI Butyl (10 ea/box),rt mini butyl 10 ea box
RT1-RT204SD560,1,Accessories,100,$0.43,Screw 5x60  (100ea./bag),Screw 5x60 (100ea./bag),screw 5x60 100ea bag
RT1-RT300AXBK,1,APEX,24,$4.09,"RT-APEX Base w/ 2 screws/base and extra RT-Butyl tape (24ea/box)
(1 kit =RT-APEX Base w/ butyl, 1 extra butyl tape, 2 screws/base)","RT-APEX Base w/ 2 screws/base and extra RT-Butyl tape (24ea/box) (1 kit =RT-APEX Base w/ butyl, 1 extra butyl tape, 2 screws/base)",rt apex base w 2 screws base and extra rt butyl tape 24ea box 1 kit rt apex base w butyl 1 extra butyl tape 2 screws base
RT1-RT301UE30,1,APEX,12,$9.24,RT-APEX End Clamp Universal Height (PV Frame H30-40mm) 12 ea./BOX,RT-APEX End Clamp Universal Height (PV Frame H30-40mm) 12 ea/box,rt apex end clamp universal height pv frame h30 40mm 12 ea box
RT1-RT301UEFS30,1,APEX,16,$9.24,RT-APEX End Floating Splice Universal Height (PV Frame H30-40mm)16 ea./BOX,RT-APEX End Floating Splice Universal Height (PV Frame H30-40mm)16 ea/box,rt apex end floating splice universal height pv frame h30 40mm 16 ea box
RT1-RT301UES30,1,APEX,12,$15.31,RT-APEX End Clamp Splice Universal Height (PV Frame H30-40mm) 12 ea./BOX,RT-APEX End Clamp Splice Universal Height (PV Frame H30-40mm) 12 ea/box,rt apex end clamp splice universal height pv frame h30 40mm 12 ea box
RT1-RT302UM30,1,APEX,12,$9.24,RT-APEX Middle Clamp Universal Height (PV Frame H30-40mm) 12 ea./BOX,RT-APEX Middle Clamp Universal Height (PV Frame H30-40mm) 12 ea/box,rt apex middle clamp universal height pv frame h30 40mm 12 ea box
RT1-RT302UMBK,1,APEX,12,$9.24,RT-APEX Middle Clamp Universal Height (PV Frame H32-40mm) 12 ea./BO,RT-APEX Middle Clamp Universal Height (PV Frame H32-40mm) 12 ea./BO,rt apex middle clamp universal height pv frame h32 40mm 12 ea bo
RT1-RT302UMFS30,1,APEX,16,$9.24,RT-APEX Middle Floating Splice Universal Height (PV Frame H30-40mm) 16 ea./BOX,RT-APEX Middle Floating Splice Universal Height (PV Frame H30-40mm) 16 ea/box,rt apex middle floating splice universal height pv frame h30 40mm 16 ea box
RT1-RT302UMS30,1,APEX,12,$15.31,RT-APEX Middle Clamp Splice Universal Height (PV Frame H30-40mm)12 ea./BOX,RT-APEX Middle Clamp Splice Universal Height (PV Frame H30-40mm)12 ea/box,rt apex middle clamp splice universal height pv frame h30 40mm 12 ea box
RT1-RT303SK80BL,1,APEX,8,$17.00,"RT-APEX Skirt 80 (2032mm) (8ea./Box X) (1 set = 1 RT-Apex Skirt and 1 Skirt, 8 set in 1 box)","RT-APEX Skirt 80 (2032mm) (8ea./Box X) (1 set = 1 RT-Apex Skirt and 1 Skirt, 8 set in 1 box)",rt apex skirt 80 2032mm 8ea box x 1 set 1 rt apex skirt and 1 skirt 8 set in 1 box
RT1-RT304ENDCAP,1,APEX,120,$2.66,Skirt End Cap (L R with screws) 120ea/BOX (RT3-04-SKCAP),Skirt End Cap (L R with screws) 120ea/BOX (RT3-04-SKCAP),skirt end cap l r with screws 120ea box rt3 04 skcap
RT1-RT304M416S,1,APEX,100,$0.25,"","",""
RT1-RT304M8BIT,1,Tools,1,$6.02,"","",""
RT1-RT304RFEBBK,1,REB,1,$20.00,RT-Roof Entry Bracket (1 ea./ 1 Box),RT-Roof Entry Bracket (1 ea./ 1 Box),""
RT1-RT304SKSSL,1,APEX,24,$1.50,"","",""
RT100,,Unknown,,"","","",""
RT150,,Unknown,,"","","",""
RT2-00-ABK-01,,MINI,,"","","",""
RT2-00-MBK-02,,MINI,,"","","",""
RT2-00-MINBK2,1,MINI,20,$4.15,"MINI II base, (20ea;40 screw), 5ea.  additional RT-Butyl pads. (20 ea./ Box)","MINI II base, (20ea;40 screw), 5ea. additional RT-Butyl pads. (20 ea/box)",mini ii base 20ea 40 screw 5ea additional rt butyl pads 20 ea box
RT2-00-MINIBK,1,MINI,20,$4.86,"MINI base, (20ea;40 screw), 10ea.  additional RT-Butyl pads. (20ea./BOX)","MINI base, (20ea;40 screw), 10ea. additional RT-Butyl pads. (20ea./BOX)",mini base 20ea 40 screw 10ea additional rt butyl pads 20ea box
RT2-00-MINIBK-01,,MINI,20,$4.86,"MINI base, (20ea;40 screw), 10ea.  additonal RT-Butyl pads. (20ea/BOX)","MINI base, (20ea;40 screw), 10ea. additonal RT-Butyl pads. (20ea/BOX)",mini base 20ea 40 screw 10ea additonal rt butyl pads 20ea box
RT2-00-MINIBK-20,,MINI,20,$4.86,E-MOUNT MINI BASE KIT (20ea/BOX),E-MOUNT MINI BASE KIT (20ea/BOX),e mount mini base kit 20ea box
RT2-00-MINIBK2,1,MINI,20,$4.15,"MINI II base, (20ea;40 screw), 5ea.  additional RT-Butyl pads. (20 ea./ Box)","MINI II base, (20ea;40 screw), 5ea. additional RT-Butyl pads. (20 ea/box)",mini ii base 20ea 40 screw 5ea additional rt butyl pads 20 ea box
RT2-00-MINIBK2-20,,MINI,20,$4.15,"MINI II base, (20ea;40 screw), 5ea.  additonal RT-Butyl pads. (20 ea/ Box)","MINI II base, (20ea;40 screw), 5ea. additonal RT-Butyl pads. (20 ea/box)",mini ii base 20ea 40 screw 5ea additonal rt butyl pads 20 ea box
RT2-00-MINIBK2-FSET,1,MINI,20,$4.51,"MINI II base, (20ea;40 screw), 5ea.  additional RT-Butyl pads. (20 ea./ Box),RT-FBN25 Bolt & Nut(20ea./bag)","MINI II base, (20ea;40 screw), 5ea. additional RT-Butyl pads. (20 ea/box),RT-FBN25 Bolt & Nut(20ea./bag)",mini ii base 20ea 40 screw 5ea additional rt butyl pads 20 ea box rt fbn25 bolt nut 20ea bag
RT2-01-EH32BK-01 ***Complete***,,E-Mount,,"",GEN2 RT End Clamp 32mm (PV Frame H32mm) w/ 6ea shims ( 6 ea. / Box),GEN2 RT End Clamp 32mm (PV Frame H32mm) w/ 6ea shims ( 6 ea/box),gen2 rt end clamp 32mm pv frame h32mm w 6ea shims 6 ea box
RT2-01-EH32BK-01 ***Not Complet,,E-Mount,,"","","",""
RT2-01-EH33BK-01** Not Complete,,E-Mount,,"","","",""
RT2-01-EH35BK-01,,E-Mount,,"",RT-[E] Mount End Clamp 35mm kit (6ea/box ),RT-[E] Mount End Clamp 35mm kit (6ea/box ),rt e mount end clamp 35mm kit 6ea box
RT2-01-EH40BK-01,,E-Mount,,"","","",""
RT2-01-EH46BK-01,,E-Mount,,"",RT-[E] Mount End Clamp 46mm kit Box (6ea./Box),RT-[E] Mount End Clamp 46mm kit Box (6ea./Box),rt e mount end clamp 46mm kit box 6ea box
RT2-01-EH50BK-00**Not Complete*,,E-Mount,,"","","",""
RT2-01-EH50BK-01**Complete**,,E-Mount,,"",RT-[E] Mount End Clamp 50mm kit Box (6ea./Box),RT-[E] Mount End Clamp 50mm kit Box (6ea./Box),rt e mount end clamp 50mm kit box 6ea box
RT2-02-UH40BK-01,,E-Mount,,"",G2 Middle Clamp kit Universal Height 40mm (6ea /Box),G2 Middle Clamp kit Universal Height 40mm (6ea /Box),g2 middle clamp kit universal height 40mm 6ea box
RT2-02-UH50BK-01,,E-Mount,,"","","",""
RT2-02-UH50BK-01**Complete**,,E-Mount,,"","","",""
RT2-03-SK33BK1675/RTM-EC33BK-1675-B,,APEX,,"",Eaves Cover H-33 L-1675 (10ea./Box),Eaves Cover H-33 L-1675 (10ea./Box),eaves cover h 33 l 1675 10ea box
RT2-03-SK35BK-1650,,APEX,,"",Eaves Cover H-33 L-1675 (10ea./Box),Eaves Cover H-33 L-1675 (10ea./Box),eaves cover h 33 l 1675 10ea box
RT2-03-SK35BK-1650/RTM-EC35BK-1650-B,,APEX,,"",Eaves Cover H-35 L-1650 (10ea./Box)(RT2-03-SK35BK1650-01=RTM-EC35BK-1650-B),Eaves Cover H-35 L-1650 (10ea./Box)(RT2-03-SK35BK1650-01=RTM-EC35BK-1650-B),eaves cover h 35 l 1650 10ea box rt2 03 sk35bk1650 01 rtm ec35bk 1650 b
RT2-03-SK40BK-1650,,APEX,,"",Eaves Cover H-40 L-1650 (10ea./Box),Eaves Cover H-40 L-1650 (10ea./Box),eaves cover h 40 l 1650 10ea box
RT2-04-BN19SL-US,,Bolts,,"","","",""
RT2-04-BN25SL-US,1,Bolts,100,$0.36,"5/16-18 x 1"""""""""""""""""""""""""""""""""""""""""""""""""""""""""""""""""""""""""""""""""""""""""""""""""""""""""""""""""""""""""""""""""""""""""""""""""""""""""""""""""""""""""""""""""""""""""""""""""""""""""""""""""""""""""""""""""""""""""""""""""""""""""""""""""""""""""""""""""""""""""""""""""""""""""""""""""""""""""""""""""""""""""""""""""""""""""""""""""""""""""""""""""""""""""""""""""""""""""""""""""""""""""""""""""""""""""""""""""""""""""""""""""""""""""""""""""""""""""""""""""""""""""""""""""""""""""""""""""""""""""""""""""""""""""""""""""""""""""""""""""""""""""""""""""""""""""""""""""""""""""""""""""""""""""""""""""""""""""""""""""""""""""""""""""""""""""""""""""""""""""""""""""""""""""""""""""""""""""""""""""""""""""""""""""""""""""""""""""""""""""""""""""""""""""""""""""""""""""""""""""""""""""""""""""""""""""""""""""""""""""""""""""""""""""""""""""""""""""""""""""""""""""""""""""""""""""""""""""""""""""""""""""""""""""""""""""""""""""""""""""""""""""""""""""""""""""""""""""""""""""""""""""""""""""""""""" HEX FLANGE BOLT 18-8 SST, NON-SERRATED / 5/16-18 SERRATED HEX FLANGE NUT SST (100EA/ BAG)","5/16-18 x 1"""""""""""""""""""""""""""""""""""""""""""""""""""""""""""""""""""""""""""""""""""""""""""""""""""""""""""""""""""""""""""""""""""""""""""""""""""""""""""""""""""""""""""""""""""""""""""""""""""""""""""""""""""""""""""""""""""""""""""""""""""""""""""""""""""""""""""""""""""""""""""""""""""""""""""""""""""""""""""""""""""""""""""""""""""""""""""""""""""""""""""""""""""""""""""""""""""""""""""""""""""""""""""""""""""""""""""""""""""""""""""""""""""""""""""""""""""""""""""""""""""""""""""""""""""""""""""""""""""""""""""""""""""""""""""""""""""""""""""""""""""""""""""""""""""""""""""""""""""""""""""""""""""""""""""""""""""""""""""""""""""""""""""""""""""""""""""""""""""""""""""""""""""""""""""""""""""""""""""""""""""""""""""""""""""""""""""""""""""""""""""""""""""""""""""""""""""""""""""""""""""""""""""""""""""""""""""""""""""""""""""""""""""""""""""""""""""""""""""""""""""""""""""""""""""""""""""""""""""""""""""""""""""""""""""""""""""""""""""""""""""""""""""""""""""""""""""""""""""""""""""""""""""""""""""""""" HEX FLANGE BOLT 18-8 SST, NON-SERRATED / 5/16-18 SERRATED HEX FLANGE NUT SST (100EA/ BAG)",5 16 18 x 1 hex flange bolt 18 8 sst non serrated 5 16 18 serrated hex flange nut sst 100ea bag
RT2-04-BN30SL-TA,1,Bolts,100,$0.36,"5/16 HEX BOLT 30mm, FLANGE NUT SET for MINI ( 100pcs/Bag )","5/16 HEX BOLT 30mm, FLANGE NUT SET for MINI ( 100pcs/Bag )",5 16 hex bolt 30mm flange nut set for mini 100pcs bag
RT2-04-BN30SL-US,1,Bolts,100,$0.36,"5/16 HEX BOLT 30mm, FLANGE NUT SET for MINI ( 100pcs/Bag )","5/16 HEX BOLT 30mm, FLANGE NUT SET for MINI ( 100pcs/Bag )",5 16 hex bolt 30mm flange nut set for mini 100pcs bag
RT2-04-BN45L-US,,Bolts,100,$0.40,"1 3/4,HEX BOLT 45mm, FLANGE NUT SET (Each item 100pcs/Bag )","1 3/4,HEX BOLT 45mm, FLANGE NUT SET (Each item 100pcs/Bag )",1 3 4 hex bolt 45mm flange nut set each item 100pcs bag
RT2-04-BNW-US,1,Bolts,100,"","","",""
RT2-04-BUTLYT-00,,Accessories,10,$1.18,RT-[E] Mount Butyl tape (10 ea./ Box),RT-[E] Mount Butyl tape (10 ea/box),rt e mount butyl tape 10 ea box
RT2-04-BUTYLT,1,Accessories,10,$1.18,RT-[E] Mount Butyl tape (10 ea./ Box),RT-[E] Mount Butyl tape (10 ea/box),rt e mount butyl tape 10 ea box
RT2-04-BUTYLT-01,,Accessories,10,$1.18,RT-[E] Mount Butyl tape (10 ea./ Box),RT-[E] Mount Butyl tape (10 ea/box),rt e mount butyl tape 10 ea box
RT2-04-C-MOUNT,1,C-MOUNT,20,$3.08,Conduit mount(20ea/box),Conduit mount(20ea/box),conduit mount 20ea box
RT2-04-CHBRBK-01,,Accessories,20,$0.88,"","",""
RT2-04-FBN25,1,Bolts,100,$0.36,"5/16-18 x 1"""""""""""""""""""""""""""""""""""""""""""""""""""""""""""""""""""""""""""""""""""""""""""""""""""""""""""""""""""""""""""""""""""""""""""""""""""""""""""""""""""""""""""""""""""""""""""""""""""""""""""""""""""""""""""""""""""""""""""""""""""""""""""""""""""""""""""""""""""""""""""""""""""""""""""""""""""""""""""""""""""""""""""""""""""""""""""""""""""""""""""""""""""""""""""""""""""""""""""""""""""""""""""""""""""""""""""""""""""""""""""""""""""""""""""""""""""""""""""""""""""""""""""""""""""""""""""""""""""""""""""""""""""""""""""""""""""""""""""""""""""""""""""""""""""""""""""""""""""""""""""""""""""""""""""""""""""""""""""""""""""""""""""""""""""""""""""""""""""""""""""""""""""""""""""""""""""""""""""""""""""""""""""""""""""""""""""""""""""""""""""""""""""""""""""""""""""""""""""""""""""""""""""""""""""""""""""""""""""""""""""""""""""""""""""""""""""""""""""""""""""""""""""""""""""""""""""""""""""""""""""""""""""""""""""""""""""""""""""""""""""""""""""""""""""""""""""""""""""""""""""""""""""""""""""""""" HEX FLANGE BOLT 18-8 SST, NON-SERRATED / 5/16-18 SERRATED HEX FLANGE NUT SST (100EA/ BAG)","5/16-18 x 1"""""""""""""""""""""""""""""""""""""""""""""""""""""""""""""""""""""""""""""""""""""""""""""""""""""""""""""""""""""""""""""""""""""""""""""""""""""""""""""""""""""""""""""""""""""""""""""""""""""""""""""""""""""""""""""""""""""""""""""""""""""""""""""""""""""""""""""""""""""""""""""""""""""""""""""""""""""""""""""""""""""""""""""""""""""""""""""""""""""""""""""""""""""""""""""""""""""""""""""""""""""""""""""""""""""""""""""""""""""""""""""""""""""""""""""""""""""""""""""""""""""""""""""""""""""""""""""""""""""""""""""""""""""""""""""""""""""""""""""""""""""""""""""""""""""""""""""""""""""""""""""""""""""""""""""""""""""""""""""""""""""""""""""""""""""""""""""""""""""""""""""""""""""""""""""""""""""""""""""""""""""""""""""""""""""""""""""""""""""""""""""""""""""""""""""""""""""""""""""""""""""""""""""""""""""""""""""""""""""""""""""""""""""""""""""""""""""""""""""""""""""""""""""""""""""""""""""""""""""""""""""""""""""""""""""""""""""""""""""""""""""""""""""""""""""""""""""""""""""""""""""""""""""""""""""""" HEX FLANGE BOLT 18-8 SST, NON-SERRATED / 5/16-18 SERRATED HEX FLANGE NUT SST (100EA/ BAG)",5 16 18 x 1 hex flange bolt 18 8 sst non serrated 5 16 18 serrated hex flange nut sst 100ea bag
RT2-04-FBN25-NS,1,Bolts,100,$0.36,"5/16-18 x 1"""""""""""""""""""""""""""""""""""""""""""""""""""""""""""""""""""""""""""""""""""""""""""""""""""""""""""""""""""""""""""""""""""""""""""""""""""""""""""""""""""""""""""""""""""""""""""""""""""""""""""""""""""""""""""""""""""""""""""""""""""""""""""""""""""""""""""""""""""""""""""""""""""""""""""""""""""""""""""""""""""""""""""""""""""""""""""""""""""""""""""""""""""""""""""""""""""""""""""""""""""""""""""""""""""""""""""""""""""""""""""""""""""""""""""""""""""""""""""""""""""""""""""""""""""""""""""""""""""""""""""""""""""""""""""""""""""""""""""""""""""""""""""""""""""""""""""""""""""""""""""""""""""""""""""""""""""""""""""""""""""""""""""""""""""""""""""""""""""""""""""""""""""""""""""""""""""""""""""""""""""""""""""""""""""""""""""""""""""""""""""""""""""""""""""""""""""""""""""""""""""""""""""""""""""""""""""""""""""""""""""""""""""""""""""""""""""""""""""""""""""""""""""""""""""""""""""""""""""""""""""""""""""""""""""""""""""""""""""""""""""""""""""""""""""""""""""""""""""""""""""""""""""""""""""""""" HEX FLANGE BOLT 18-8 SST, NON-SERRATED    / 5/16-18 SERRATED HEX FLANGE NUT SST (100EA/ BAG)","5/16-18 x 1"""""""""""""""""""""""""""""""""""""""""""""""""""""""""""""""""""""""""""""""""""""""""""""""""""""""""""""""""""""""""""""""""""""""""""""""""""""""""""""""""""""""""""""""""""""""""""""""""""""""""""""""""""""""""""""""""""""""""""""""""""""""""""""""""""""""""""""""""""""""""""""""""""""""""""""""""""""""""""""""""""""""""""""""""""""""""""""""""""""""""""""""""""""""""""""""""""""""""""""""""""""""""""""""""""""""""""""""""""""""""""""""""""""""""""""""""""""""""""""""""""""""""""""""""""""""""""""""""""""""""""""""""""""""""""""""""""""""""""""""""""""""""""""""""""""""""""""""""""""""""""""""""""""""""""""""""""""""""""""""""""""""""""""""""""""""""""""""""""""""""""""""""""""""""""""""""""""""""""""""""""""""""""""""""""""""""""""""""""""""""""""""""""""""""""""""""""""""""""""""""""""""""""""""""""""""""""""""""""""""""""""""""""""""""""""""""""""""""""""""""""""""""""""""""""""""""""""""""""""""""""""""""""""""""""""""""""""""""""""""""""""""""""""""""""""""""""""""""""""""""""""""""""""""""""""""" HEX FLANGE BOLT 18-8 SST, NON-SERRATED / 5/16-18 SERRATED HEX FLANGE NUT SST (100EA/ BAG)",5 16 18 x 1 hex flange bolt 18 8 sst non serrated 5 16 18 serrated hex flange nut sst 100ea bag
RT2-04-FBN25-US,,Bolts,100,$0.36,5/16-18 x 1 Serrated hex flange bolt 18-8 SST /  5/16-18 Serrated hex flange nut SST (100ea Bag),5/16-18 x 1 Serrated hex flange bolt 18-8 SST / 5/16-18 Serrated hex flange nut SST (100ea Bag),5 16 18 x 1 serrated hex flange bolt 18 8 sst 5 16 18 serrated hex flange nut sst 100ea bag
RT2-04-FBN25-US-Y,1,Bolts,100,$0.36,5/16-18 x 1 Serrated hex flange bolt 18-8 SST / 5/16-18 Serrated hex flange nut SST (100ea Bag),5/16-18 x 1 Serrated hex flange bolt 18-8 SST / 5/16-18 Serrated hex flange nut SST (100ea Bag),5 16 18 x 1 serrated hex flange bolt 18 8 sst 5 16 18 serrated hex flange nut sst 100ea bag
RT2-04-FBN25SL-TA,1,Bolts,100,$0.36,5/16-18 x 1 Serrated hex flange bolt 18-8 SST /  5/16-18 Serrated hex flange nut SST (100ea Bag),5/16-18 x 1 Serrated hex flange bolt 18-8 SST / 5/16-18 Serrated hex flange nut SST (100ea Bag),5 16 18 x 1 serrated hex flange bolt 18 8 sst 5 16 18 serrated hex flange nut sst 100ea bag
RT2-04-FLMINI,,MINI,,"","","",""
RT2-04-MCRIBK-01,,MINI,,"","GEN2 Micro inverter Bracket Silver kit (6ea. Include 24 screws, bolt, nut and washer 6ea / box) (6ea./Box)","GEN2 Micro inverter Bracket Silver kit (6ea. Include 24 screws, bolt, nut and washer 6ea / box) (6ea./Box)",gen2 micro inverter bracket silver kit 6ea include 24 screws bolt nut and washer 6ea box 6ea box
RT2-04-MINBUTYL,1,Accessories,10,$1.18,"RT-MINI Butyl (10 ea./BOX)
",RT-MINI Butyl (10 ea/box),rt mini butyl 10 ea box
RT2-04-MINIBUTYL,1,Accessories,10,$1.18,"RT-MINI Butyl (10 ea./BOX)
",RT-MINI Butyl (10 ea/box),rt mini butyl 10 ea box
RT2-04-MNBUTYL,1,Accessories,10,$1.15,"RT-MINI Butyl (10 ea./BOX)
",RT-MINI Butyl (10 ea/box),rt mini butyl 10 ea box
RT2-04-MNBUTYL-50-1,1,Accessories,10,$1.18,"RT-MINI Butyl (10 ea./BOX)
",RT-MINI Butyl (10 ea/box),rt mini butyl 10 ea box
RT2-04-SD5-60,1,Screws,100,$0.43,Screw 5x60  (100ea./bag),Screw 5x60 (100ea./bag),screw 5x60 100ea bag
RT2-04-SD5-60-01,,Screws,100,$0.43,Screw 5x60  (100ea./bag),Screw 5x60 (100ea./bag),screw 5x60 100ea bag
RT2-04-SD5-90,1,Screws,1000,$0.75,"SD5-90 screw (1,000ea/box)","SD5-90 screw (1,000ea/box)",sd5 90 screw 1 000ea box
RT2-04-SHIMSL-01,,Accessories,,"",RT-[E] Mount Shim (EA),RT-[E] Mount Shim (EA),rt e mount shim ea
RT2-04-STPSET-01(bag),,Accessories,,"",Stopper (10set of stopper include Bolt and Nut/box)  (10ea. /box),Stopper (10set of stopper include Bolt and Nut/box) (10ea. /box),stopper 10set of stopper include bolt and nut box 10ea box
RT2-04-WASH-M8,1,Accessories,100,$0.00,Washer for RT2-04-BN30SL (to be included with bolt set 100 EA/ BAG),Washer for RT2-04-BN30SL (to be included with bolt set 100 EA/ BAG),washer for rt2 04 bn30sl to be included with bolt set 100 ea bag
RT2-040SD5-60,1,Screws,100,$0.43,Screw 5x60  (100ea./bag),Screw 5x60 (100ea./bag),screw 5x60 100ea bag
RT3-00-AXBK,1,APEX,24,$4.09,"RT-APEX Base w/ 2 screws/base and extra RT-Butyl tape (24ea/box)
(1 kit =RT-APEX Base w/ butyl, 1 extra butyl tape, 2 screws/base)","RT-APEX Base w/ 2 screws/base and extra RT-Butyl tape (24ea/box) (1 kit =RT-APEX Base w/ butyl, 1 extra butyl tape, 2 screws/base)",rt apex base w 2 screws base and extra rt butyl tape 24ea box 1 kit rt apex base w butyl 1 extra butyl tape 2 screws base
RT3-00-AXBK RT-APEX,,APEX,24,$4.09,"","",""
RT3-00-AXBK-01,,APEX,24,$4.09,"RT-APEX Base w/ 2 screws/base and extra RT-Butyl tape (24ea/box)
(1 kit =RT-APEX Base w/ butyl, 1 extra butyl tape, 2 screws/base)","RT-APEX Base w/ 2 screws/base and extra RT-Butyl tape (24ea/box) (1 kit =RT-APEX Base w/ butyl, 1 extra butyl tape, 2 screws/base)",rt apex base w 2 screws base and extra rt butyl tape 24ea box 1 kit rt apex base w butyl 1 extra butyl tape 2 screws base
RT3-00-AXBK-20,,APEX,24,$4.09,"RT-APEX Base w/ 2 screws/base and extra RT-Butyl tape (24ea/box)
(1 kit =RT-APEX Base w/ butyl, 1 extra butyl tape, 2 screws/base)","RT-APEX Base w/ 2 screws/base and extra RT-Butyl tape (24ea/box) (1 kit =RT-APEX Base w/ butyl, 1 extra butyl tape, 2 screws/base)",rt apex base w 2 screws base and extra rt butyl tape 24ea box 1 kit rt apex base w butyl 1 extra butyl tape 2 screws base
RT3-00-AXBX,1,APEX,24,$4.09,"RT-APEX Base w/ 2 screws/base and extra RT-Butyl tape (24ea/box)
(1 kit =RT-APEX Base w/ butyl, 1 extra butyl tape, 2 screws/base)","RT-APEX Base w/ 2 screws/base and extra RT-Butyl tape (24ea/box) (1 kit =RT-APEX Base w/ butyl, 1 extra butyl tape, 2 screws/base)",rt apex base w 2 screws base and extra rt butyl tape 24ea box 1 kit rt apex base w butyl 1 extra butyl tape 2 screws base
RT3-00AXBK,1,APEX,24,$4.09,"RT-APEX Base w/ 2 screws/base and extra RT-Butyl tape (24ea/box)
(1 kit =RT-APEX Base w/ butyl, 1 extra butyl tape, 2 screws/base)","RT-APEX Base w/ 2 screws/base and extra RT-Butyl tape (24ea/box) (1 kit =RT-APEX Base w/ butyl, 1 extra butyl tape, 2 screws/base)",rt apex base w 2 screws base and extra rt butyl tape 24ea box 1 kit rt apex base w butyl 1 extra butyl tape 2 screws base
RT3-01-UE-30,1,APEX,12,$9.24,RT-APEX End Clamp Universal Height (PV Frame H30-40mm) 12 ea./BOX,RT-APEX End Clamp Universal Height (PV Frame H30-40mm) 12 ea/box,rt apex end clamp universal height pv frame h30 40mm 12 ea box
RT3-01-UE-30-01,,APEX,12,$9.24,RT-APEX End Clamp Universal Height (PV Frame H30-40mm) 12 ea./BOX,RT-APEX End Clamp Universal Height (PV Frame H30-40mm) 12 ea/box,rt apex end clamp universal height pv frame h30 40mm 12 ea box
RT3-01-UE-BK,1,APEX,12,$9.24,RT-APEX End Clamp Universal Height (PV Frame H32-40mm) 12 ea./BOX,RT-APEX End Clamp Universal Height (PV Frame H32-40mm) 12 ea/box,rt apex end clamp universal height pv frame h32 40mm 12 ea box
RT3-01-UE-BK-01,,APEX,12,$9.24,RT-APEX End Clamp Universal Height (PV Frame H32-40mm) 12 ea./BOX,RT-APEX End Clamp Universal Height (PV Frame H32-40mm) 12 ea/box,rt apex end clamp universal height pv frame h32 40mm 12 ea box
RT3-01-UEFS30,1,APEX,16,$9.24,RT-APEX End Floating Splice Universal Height (PV Frame H30-40mm)16 ea./BOX,RT-APEX End Floating Splice Universal Height (PV Frame H30-40mm)16 ea/box,rt apex end floating splice universal height pv frame h30 40mm 16 ea box
RT3-01-UEFS30-01,,APEX,16,$9.24,RT-APEX End Floating Splice Universal Height (PV Frame H30-40mm)16 ea./BOX,RT-APEX End Floating Splice Universal Height (PV Frame H30-40mm)16 ea/box,rt apex end floating splice universal height pv frame h30 40mm 16 ea box
RT3-01-UEFSBK,1,APEX,16,$9.24,RT-APEX End Clamp Floating Splice Universal Height (PV Frame H32-40mm) 16 ea./BOX,RT-APEX End Clamp Floating Splice Universal Height (PV Frame H32-40mm) 16 ea/box,rt apex end clamp floating splice universal height pv frame h32 40mm 16 ea box
RT3-01-UEFSBK-01,,APEX,16,$9.24,RT-APEX End Clamp Floating Splice Universal Height (PV Frame H32-40mm) 16 ea./BOX,RT-APEX End Clamp Floating Splice Universal Height (PV Frame H32-40mm) 16 ea/box,rt apex end clamp floating splice universal height pv frame h32 40mm 16 ea box
RT3-01-UES-30,1,APEX,12,$15.31,RT-APEX End Clamp Splice Universal Height (PV Frame H30-40mm) 12 ea./BOX,RT-APEX End Clamp Splice Universal Height (PV Frame H30-40mm) 12 ea/box,rt apex end clamp splice universal height pv frame h30 40mm 12 ea box
RT3-01-UES30,1,APEX,12,$15.31,RT-APEX End Clamp Splice Universal Height (PV Frame H30-40mm) 12 ea./BOX,RT-APEX End Clamp Splice Universal Height (PV Frame H30-40mm) 12 ea/box,rt apex end clamp splice universal height pv frame h30 40mm 12 ea box
RT3-01-UES30-01,,APEX,12,$5.31,RT-APEX End Clamp Splice Universal Height (PV Frame H30-40mm) 12 ea./BOX,RT-APEX End Clamp Splice Universal Height (PV Frame H30-40mm) 12 ea/box,rt apex end clamp splice universal height pv frame h30 40mm 12 ea box
RT3-01-UESBK,1,APEX,12,$15.31,RT-APEX End Clamp Splice Universal Height (PV Frame H32-46mm) 12 ea./BOX,RT-APEX End Clamp Splice Universal Height (PV Frame H32-46mm) 12 ea/box,rt apex end clamp splice universal height pv frame h32 46mm 12 ea box
RT3-01-UESBK-01,,APEX,12,$15.31,RT-APEX End Clamp Splice Universal Height (PV Frame H32-40mm) 12 ea./BOX,RT-APEX End Clamp Splice Universal Height (PV Frame H32-40mm) 12 ea/box,rt apex end clamp splice universal height pv frame h32 40mm 12 ea box
RT3-01-UESBK-20,,APEX,12,$15.31,RT-APEX End Clamp Splice Universal Height (PV Frame H32-40mm) 12 ea./BOX,RT-APEX End Clamp Splice Universal Height (PV Frame H32-40mm) 12 ea/box,rt apex end clamp splice universal height pv frame h32 40mm 12 ea box
RT3-01-UM-BK,1,APEX,12,$9.24,"","",""
RT3-01-UMFSBK,1,APEX,12,$9.24,"","",""
RT3-01-UMSBK,1,APEX,12,$15.31,"","",""
RT3-02-UM-30,1,APEX,12,$9.24,RT-APEX Middle Clamp Universal Height (PV Frame H30-40mm) 12 ea./BOX,RT-APEX Middle Clamp Universal Height (PV Frame H30-40mm) 12 ea/box,rt apex middle clamp universal height pv frame h30 40mm 12 ea box
RT3-02-UM-30-01,,APEX,12,$9.24,RT-APEX Middle Clamp Universal Height (PV Frame H30-40mm) 12 ea./BOX,RT-APEX Middle Clamp Universal Height (PV Frame H30-40mm) 12 ea/box,rt apex middle clamp universal height pv frame h30 40mm 12 ea box
RT3-02-UM-BK,1,APEX,12,$9.24,RT-APEX Middle Clamp Universal Height (PV Frame H32-40mm) 12 ea./BOX,RT-APEX Middle Clamp Universal Height (PV Frame H32-40mm) 12 ea/box,rt apex middle clamp universal height pv frame h32 40mm 12 ea box
RT3-02-UM-BK-01,,APEX,12,$9.24,RT-APEX Middle Clamp Universal Height (PV Frame H32-40mm) 12 ea./BOX,RT-APEX Middle Clamp Universal Height (PV Frame H32-40mm) 12 ea/box,rt apex middle clamp universal height pv frame h32 40mm 12 ea box
RT3-02-UM-BK-20,,APEX,12,$9.24,RT-APEX Middle Clamp Universal Height (PV Frame H32-40mm) 12 ea./BOX,RT-APEX Middle Clamp Universal Height (PV Frame H32-40mm) 12 ea/box,rt apex middle clamp universal height pv frame h32 40mm 12 ea box
RT3-02-UMFS30,1,APEX,16,$9.24,RT-APEX Middle Floating Splice Universal Height (PV Frame H30-40mm) 16 ea./BOX,RT-APEX Middle Floating Splice Universal Height (PV Frame H30-40mm) 16 ea/box,rt apex middle floating splice universal height pv frame h30 40mm 16 ea box
RT3-02-UMFS30-01,,APEX,16,$9.24,RT-APEX Middle Floating Splice Universal Height (PV Frame H30-40mm) 16 ea./BOX,RT-APEX Middle Floating Splice Universal Height (PV Frame H30-40mm) 16 ea/box,rt apex middle floating splice universal height pv frame h30 40mm 16 ea box
RT3-02-UMFSBK,1,APEX,12,$9.24,RT-APEX Middle Floating Splice Universal Height (PV Frame H32-40mm) 16 ea./BOX,RT-APEX Middle Floating Splice Universal Height (PV Frame H32-40mm) 16 ea/box,rt apex middle floating splice universal height pv frame h32 40mm 16 ea box
RT3-02-UMFSBK-01,,APEX,12,$9.24,RT-APEX Middle Floating Splice Universal Height (PV Frame H32-40mm) 16 ea./BOX,RT-APEX Middle Floating Splice Universal Height (PV Frame H32-40mm) 16 ea/box,rt apex middle floating splice universal height pv frame h32 40mm 16 ea box
RT3-02-UMS30,1,APEX,12,$15.31,RT-APEX Middle Clamp Splice Universal Height (PV Frame H30-40mm)12 ea./BOX,RT-APEX Middle Clamp Splice Universal Height (PV Frame H30-40mm)12 ea/box,rt apex middle clamp splice universal height pv frame h30 40mm 12 ea box
RT3-02-UMS30-01,,APEX,12,$15.31,RT-APEX Middle Clamp Splice Universal Height (PV Frame H30-40mm)12 ea./BOX,RT-APEX Middle Clamp Splice Universal Height (PV Frame H30-40mm)12 ea/box,rt apex middle clamp splice universal height pv frame h30 40mm 12 ea box
RT3-02-UMSBK,,APEX,12,$15.31,RT-APEX Middle Clamp Splice Universal Height (PV Frame H32-40mm) 12 ea./BOX,RT-APEX Middle Clamp Splice Universal Height (PV Frame H32-40mm) 12 ea/box,rt apex middle clamp splice universal height pv frame h32 40mm 12 ea box
RT3-02-UMSBK-01,,APEX,12,$15.31,RT-APEX Middle Clamp Splice Universal Height (PV Frame H32-40mm) 12 ea./BOX,RT-APEX Middle Clamp Splice Universal Height (PV Frame H32-40mm) 12 ea/box,rt apex middle clamp splice universal height pv frame h32 40mm 12 ea box
RT3-02-UMSBK-20,,APEX,12,$15.31,RT-APEX Middle Clamp Splice Universal Height (PV Frame H32-40mm) 12 ea./BOX,RT-APEX Middle Clamp Splice Universal Height (PV Frame H32-40mm) 12 ea/box,rt apex middle clamp splice universal height pv frame h32 40mm 12 ea box
RT3-03-SK80BL,1,APEX,8,$17.00,"RT-APEX Skirt 80 (2032mm) (8ea./Box X) (1 set = 1 RT-Apex Skirt and 1 Skirt, 8 set in 1 box)","RT-APEX Skirt 80 (2032mm) (8ea./Box X) (1 set = 1 RT-Apex Skirt and 1 Skirt, 8 set in 1 box)",rt apex skirt 80 2032mm 8ea box x 1 set 1 rt apex skirt and 1 skirt 8 set in 1 box
RT3-03-SK80BL-00,,APEX,8,$17.00,"RT-APEX Skirt 80 (2032mm) (8ea./Box X) (1 set = 1 RT-Apex Skirt and 1 Skirt, 8 set in 1 box)","RT-APEX Skirt 80 (2032mm) (8ea./Box X) (1 set = 1 RT-Apex Skirt and 1 Skirt, 8 set in 1 box)",rt apex skirt 80 2032mm 8ea box x 1 set 1 rt apex skirt and 1 skirt 8 set in 1 box
RT3-03-SK80BL-01,,APEX,8,$17.00,"RT-APEX Skirt 80 (2032mm) (8ea./Box X) (1 set = 1 RT-Apex Skirt and 1 Skirt, 8 set in 1 box)","RT-APEX Skirt 80 (2032mm) (8ea./Box X) (1 set = 1 RT-Apex Skirt and 1 Skirt, 8 set in 1 box)",rt apex skirt 80 2032mm 8ea box x 1 set 1 rt apex skirt and 1 skirt 8 set in 1 box
RT3-03-SK80BL-20,,APEX,8,$1.00,"RT-APEX Skirt 80 (2032mm) (8ea./Box X) (1 set = 1 RT-Apex Skirt and 1 Skirt, 8 set in 1 box)","RT-APEX Skirt 80 (2032mm) (8ea./Box X) (1 set = 1 RT-Apex Skirt and 1 Skirt, 8 set in 1 box)",rt apex skirt 80 2032mm 8ea box x 1 set 1 rt apex skirt and 1 skirt 8 set in 1 box
RT3-04-BUTYL,1,Accessories,12,$1.18,RT-Butyl for APEX 12 ea./BOX,RT-Butyl for APEX 12 ea/box,rt butyl for apex 12 ea box
RT3-04-BUTYL-01,,Accessories,12,$1.18,RT-Butyl for APEX 12 ea./BOX,RT-Butyl for APEX 12 ea/box,rt butyl for apex 12 ea box
RT3-04-BUTYL-20,,Accessories,12,$1.18,RT-Butyl for APEX 12 ea./BOX,RT-Butyl for APEX 12 ea/box,rt butyl for apex 12 ea box
RT3-04-ENDCAP,1,APEX,230,$2.66,Skirt End Cap (L R with screws) 120ea/BOX (RT3-04-SKCAP),Skirt End Cap (L R with screws) 120ea/BOX (RT3-04-SKCAP),skirt end cap l r with screws 120ea box rt3 04 skcap
RT3-04-ENDCAP-00,1,APEX,120,$2.66,Skirt End Cap (L R with screws)/Bag 120bag/BOX (RT3-04-SKCAP),Skirt End Cap (L R with screws)/Bag 120bag/BOX (RT3-04-SKCAP),skirt end cap l r with screws bag 120bag box rt3 04 skcap
RT3-04-IT-3-12NM,,Accessories,1,$151.20,"","",""
RT3-04-IT-3-12Nm (Red),1,Accessories,1,$151.20,"","",""
RT3-04-IT-4-16NM,,Accessories,1,$185.04,"","",""
RT3-04-IT-4-16Nm (Black),1,Accessories,1,$185.04,"","",""
RT3-04-IT-4-18Nm (Green),,Accessories,1,$185.04,"","",""
RT3-04-M4-16S,1,APEX,100,$0.25,Self tapping screw M4×16 (100ea./bag),Self tapping screw M4×16 (100ea./bag),self tapping screw m4 16 100ea bag
RT3-04-M4-16S-01,,APEX,100,$0.25,Self tapping screw M4×16 (100ea./bag),Self tapping screw M4×16 (100ea./bag),self tapping screw m4 16 100ea bag
RT3-04-M4-16S-TA,1,APEX,100,$0.25,Self tapping screw M4×16 (100ea./bag),Self tapping screw M4×16 (100ea./bag),self tapping screw m4 16 100ea bag
RT3-04-M4-16S-YG,,APEX,100,$0.25,Self tapping screw M4×16 (100ea./bag),Self tapping screw M4×16 (100ea./bag),self tapping screw m4 16 100ea bag
RT3-04-M8BIT,1,Tools,1,$6.02,"","",""
RT3-04-RFEBBK,1,REB,1,$20.00,RT-Roof Entry Bracket (1 ea./ 1 Box),RT-Roof Entry Bracket (1 ea./ 1 Box),rt roof entry bracket 1 ea 1 box
RT3-04-RFEBBK-01,,REB,1,$20.00,RT-Roof Entry Bracket (1 ea./ 1 Box),RT-Roof Entry Bracket (1 ea./ 1 Box),rt roof entry bracket 1 ea 1 box
RT3-04-SKCAP,1,APEX,120,$2.66,Skirt end cap (1 set./ BOX),Skirt end cap (1 set./ BOX),skirt end cap 1 set box
RT3-04-SKSSL,1,APEX,24,$0.87,RT-APEX Skirt Bonding Splice (24ea./Box ),RT-APEX Skirt Bonding Splice (24ea./Box ),rt apex skirt bonding splice 24ea box
RT3-04-SKSSL-20,1,APEX,24,$0.87,RT-APEX Skirt Bonding Splice (24ea./Box ),RT-APEX Skirt Bonding Splice (24ea./Box ),rt apex skirt bonding splice 24ea box
RT3-04-SNCLSL,,APEX,30,$1.50,RT-APEX additonal support clip for piller(30ea./Box ),RT-APEX additonal support clip for piller(30ea./Box ),rt apex additonal support clip for piller 30ea box
RTM-BP:RTM-BP-00,,Accessories,,"","","",""
RTM-CHBK-1,,Accessories,,"","","",""
RTM-CHSET-1,,Accessories,,"","","",""
RTM-E31BK-1,,Accessories,,"","","",""
RTM-E33BK-01box *Not Complete*,,Accessories,,"","","",""
RTM-E46BK-01(box)*Not Complete*,,Accessories,,"","","",""
RTM-E50BK-01(box)*Not Complete*,,Accessories,,"","","",""
RTM-EC35BK-1650,,Accessories,,"","","",""
RTM-MCB55BK-01(box)*Not Cop*,,Accessories,,"","","",""
RTM-N8BK:RTM-N8BK-00,,Accessories,,"","","",""
RTM-N8SL,,Accessories,,"","","",""
RTM-NM32BK,,Accessories,,"","","",""
RTM-NM35BK-01,,Accessories,,"","","",""
RTM-STP:RTM-STP-01,,Accessories,,"","","",""
RTS-04-SD5-60,1,Screws,100,$0.43,"","",""
Rebate,,Unknown,,"","","",""
SHIPPING,1,Unknown,,"","","",""
Service fee,,Unknown,,"","","",""
YGK-ESC36-TR-SET,,Unknown,,"",Metal Shingle Roofing Base,Metal Shingle Roofing Base,metal shingle roofing base
YGK-ESC44-TR-SET,,Unknown,,"",RT-Metal Roof Mounting Base H44,RT-Metal Roof Mounting Base H44,rt metal roof mounting base h44
Z02-FB-5/16-18x1,,Accessories,,"","5/16""""""""""""""""""""""""""""""""""""""""""""""""""""""""""""""""""""""""""""""""""""""""""""""""""""""""""""""""""""""""""""""""""""""""""""""""""""""""""""""""""""""""""""""""""""""""""""""""""""""""""""""""""""""""""""""""""""""""""""""""""""""""""""""""""""""""""""""""""""""""""""""""""""""""""""""""""""""""""""""""""""""""""""""""""""""""""""""""""""""""""""""""""""""""""""""""""""""""""""""""""""""""""""""""""""""""""""""""""""""""""""""""""""""""""""""""""""""""""""""""""""""""""""""""""""""""""""""""""""""""""""""""""""""""""""""""""""""""""""""""""""""""""""""""""""""""""""""""""""""""""""""""""""""""""""""""""""""""""""""""""""""""""""""""""""""""""""""""""""""""""""""""""""""""""""""""""""""""""""""""""""""""""""""""""""""""""""""""""""""""""""""""""""""""""""""""""""""""""""""""""""""""""""""""""""""""""""""""""""""""""""""""""""""""""""""""""""""""""""""""""""""""""""""""""""""""""""""""""""""""""""""""""""""""""""""""""""""""""""""""""""""""""""""""""""""""""""""""""""""""""""""""""""""""""""""""-18x1"""""""""""""""""""""""""""""""""""""""""""""""""""""""""""""""""""""""""""""""""""""""""""""""""""""""""""""""""""""""""""""""""""""""""""""""""""""""""""""""""""""""""""""""""""""""""""""""""""""""""""""""""""""""""""""""""""""""""""""""""""""""""""""""""""""""""""""""""""""""""""""""""""""""""""""""""""""""""""""""""""""""""""""""""""""""""""""""""""""""""""""""""""""""""""""""""""""""""""""""""""""""""""""""""""""""""""""""""""""""""""""""""""""""""""""""""""""""""""""""""""""""""""""""""""""""""""""""""""""""""""""""""""""""""""""""""""""""""""""""""""""""""""""""""""""""""""""""""""""""""""""""""""""""""""""""""""""""""""""""""""""""""""""""""""""""""""""""""""""""""""""""""""""""""""""""""""""""""""""""""""""""""""""""""""""""""""""""""""""""""""""""""""""""""""""""""""""""""""""""""""""""""""""""""""""""""""""""""""""""""""""""""""""""""""""""""""""""""""""""""""""""""""""""""""""""""""""""""""""""""""""""""""""""""""""""""""""""""""""""""""""""""""""""""""""""""""""""""""""""""""""""""""""""""""""""", Hex Flange bolt SUS304 Serrated","5/16""""""""""""""""""""""""""""""""""""""""""""""""""""""""""""""""""""""""""""""""""""""""""""""""""""""""""""""""""""""""""""""""""""""""""""""""""""""""""""""""""""""""""""""""""""""""""""""""""""""""""""""""""""""""""""""""""""""""""""""""""""""""""""""""""""""""""""""""""""""""""""""""""""""""""""""""""""""""""""""""""""""""""""""""""""""""""""""""""""""""""""""""""""""""""""""""""""""""""""""""""""""""""""""""""""""""""""""""""""""""""""""""""""""""""""""""""""""""""""""""""""""""""""""""""""""""""""""""""""""""""""""""""""""""""""""""""""""""""""""""""""""""""""""""""""""""""""""""""""""""""""""""""""""""""""""""""""""""""""""""""""""""""""""""""""""""""""""""""""""""""""""""""""""""""""""""""""""""""""""""""""""""""""""""""""""""""""""""""""""""""""""""""""""""""""""""""""""""""""""""""""""""""""""""""""""""""""""""""""""""""""""""""""""""""""""""""""""""""""""""""""""""""""""""""""""""""""""""""""""""""""""""""""""""""""""""""""""""""""""""""""""""""""""""""""""""""""""""""""""""""""""""""""""""""""""""-18x1"""""""""""""""""""""""""""""""""""""""""""""""""""""""""""""""""""""""""""""""""""""""""""""""""""""""""""""""""""""""""""""""""""""""""""""""""""""""""""""""""""""""""""""""""""""""""""""""""""""""""""""""""""""""""""""""""""""""""""""""""""""""""""""""""""""""""""""""""""""""""""""""""""""""""""""""""""""""""""""""""""""""""""""""""""""""""""""""""""""""""""""""""""""""""""""""""""""""""""""""""""""""""""""""""""""""""""""""""""""""""""""""""""""""""""""""""""""""""""""""""""""""""""""""""""""""""""""""""""""""""""""""""""""""""""""""""""""""""""""""""""""""""""""""""""""""""""""""""""""""""""""""""""""""""""""""""""""""""""""""""""""""""""""""""""""""""""""""""""""""""""""""""""""""""""""""""""""""""""""""""""""""""""""""""""""""""""""""""""""""""""""""""""""""""""""""""""""""""""""""""""""""""""""""""""""""""""""""""""""""""""""""""""""""""""""""""""""""""""""""""""""""""""""""""""""""""""""""""""""""""""""""""""""""""""""""""""""""""""""""""""""""""""""""""""""""""""""""""""""""""""""""""""""""""""""""", Hex Flange bolt SUS304 Serrated",5 16 18x1 hex flange bolt sus304 serrated
rt2-00-minibk2-fset,1,MINI,20,$4.51,"MINI II base, (20ea;40 screw), 5ea.  additional RT-Butyl pads. (20 ea./ Box),RT-FBN25 Bolt & Nut(20ea./bag)","MINI II base, (20ea;40 screw), 5ea. additional RT-Butyl pads. (20 ea/box),RT-FBN25 Bolt & Nut(20ea./bag)",mini ii base 20ea 40 screw 5ea additional rt butyl pads 20 ea box rt fbn25 bolt nut 20ea bag
XHD003B,,Unknown,,"","","",""
RT2-04-LFT4476-MIL-O,,LFoot,20,$1.00,"Description: L-Foot with Serration, Slotted 3/8"""""""""""""""""""""""""""""""""""""""""""""""""""""""""""""""""""""""""""""""""""""""""""""""""""""""""""""""""""""""""""""""""""""""""""""""""""""""""""""""""""""""""""""""""""""""""""""""""""""""""""""""""""""""""""""""""""""""""""""""""""""""""""""""""""""""""""""""""""""""""""""""""""""""""""""""""""""""""""""""""""""""""""""""""""""""""""""""""""""""""""""""""""""""""""""""""""""""""""""""""""""""""""""""""""""""""""""""""""""""""""""""""""""""""""""""""""""""""""""""""""""""""""""""""""""""""""""""""""""""""""""""""""""""""""""""""""""""""""""""""""""""""""""""""""""""""""""""""""""""""""""""""""""""""""""""""""""""""""""""""""""""""""""""""""""""""""""""""""""""""""""""""""""""""""""""""""""""""""""""""""""""""""""""""""""""""""""""""""""""""""""""""""""""""""""""""""""""""""""""""""""""""""""""""""""""""""""""""""""""""""""""""""""""""""""""""""""""""""""""""""""""""""""""""""""""""""""""""""""""""""""""""""""""""""""""""""""""""""""""""""""""""""""""""""""""""""""""""""""""""""""""""""""""""""""""", Mill, Open Wide Slot (20pcs/Box)
","Description: L-Foot with Serration, Slotted 3/8"""""""""""""""""""""""""""""""""""""""""""""""""""""""""""""""""""""""""""""""""""""""""""""""""""""""""""""""""""""""""""""""""""""""""""""""""""""""""""""""""""""""""""""""""""""""""""""""""""""""""""""""""""""""""""""""""""""""""""""""""""""""""""""""""""""""""""""""""""""""""""""""""""""""""""""""""""""""""""""""""""""""""""""""""""""""""""""""""""""""""""""""""""""""""""""""""""""""""""""""""""""""""""""""""""""""""""""""""""""""""""""""""""""""""""""""""""""""""""""""""""""""""""""""""""""""""""""""""""""""""""""""""""""""""""""""""""""""""""""""""""""""""""""""""""""""""""""""""""""""""""""""""""""""""""""""""""""""""""""""""""""""""""""""""""""""""""""""""""""""""""""""""""""""""""""""""""""""""""""""""""""""""""""""""""""""""""""""""""""""""""""""""""""""""""""""""""""""""""""""""""""""""""""""""""""""""""""""""""""""""""""""""""""""""""""""""""""""""""""""""""""""""""""""""""""""""""""""""""""""""""""""""""""""""""""""""""""""""""""""""""""""""""""""""""""""""""""""""""""""""""""""""""""""""""""""", Mill, Open Wide Slot (20pcs/Box)",description l foot with serration slotted 3 8 mill open wide slot 20pcs box
RT2-04-LFT4476-BLK-O,,LFoot,20,$1.20,"Description: L-Foot with Serration, Slotted 3/8"""""""""""""""""""""""""""""""""""""""""""""""""""""""""""""""""""""""""""""""""""""""""""""""""""""""""""""""""""""""""""""""""""""""""""""""""""""""""""""""""""""""""""""""""""""""""""""""""""""""""""""""""""""""""""""""""""""""""""""""""""""""""""""""""""""""""""""""""""""""""""""""""""""""""""""""""""""""""""""""""""""""""""""""""""""""""""""""""""""""""""""""""""""""""""""""""""""""""""""""""""""""""""""""""""""""""""""""""""""""""""""""""""""""""""""""""""""""""""""""""""""""""""""""""""""""""""""""""""""""""""""""""""""""""""""""""""""""""""""""""""""""""""""""""""""""""""""""""""""""""""""""""""""""""""""""""""""""""""""""""""""""""""""""""""""""""""""""""""""""""""""""""""""""""""""""""""""""""""""""""""""""""""""""""""""""""""""""""""""""""""""""""""""""""""""""""""""""""""""""""""""""""""""""""""""""""""""""""""""""""""""""""""""""""""""""""""""""""""""""""""""""""""""""""""""""""""""""""""""""""""""""""""""""""""""""""""""""""""""""""""""""""""""""""""""""""""""""""""""""""""""""""""""""""""""""", Black, Open Wide Slot (20pcs/Box)","Description: L-Foot with Serration, Slotted 3/8"""""""""""""""""""""""""""""""""""""""""""""""""""""""""""""""""""""""""""""""""""""""""""""""""""""""""""""""""""""""""""""""""""""""""""""""""""""""""""""""""""""""""""""""""""""""""""""""""""""""""""""""""""""""""""""""""""""""""""""""""""""""""""""""""""""""""""""""""""""""""""""""""""""""""""""""""""""""""""""""""""""""""""""""""""""""""""""""""""""""""""""""""""""""""""""""""""""""""""""""""""""""""""""""""""""""""""""""""""""""""""""""""""""""""""""""""""""""""""""""""""""""""""""""""""""""""""""""""""""""""""""""""""""""""""""""""""""""""""""""""""""""""""""""""""""""""""""""""""""""""""""""""""""""""""""""""""""""""""""""""""""""""""""""""""""""""""""""""""""""""""""""""""""""""""""""""""""""""""""""""""""""""""""""""""""""""""""""""""""""""""""""""""""""""""""""""""""""""""""""""""""""""""""""""""""""""""""""""""""""""""""""""""""""""""""""""""""""""""""""""""""""""""""""""""""""""""""""""""""""""""""""""""""""""""""""""""""""""""""""""""""""""""""""""""""""""""""""""""""""""""""""""""""""""""""""", Black, Open Wide Slot (20pcs/Box)",description l foot with serration slotted 3 8 black open wide slot 20pcs box
RT2-04-SDS-60,,Screws,100,$0.43,"","",""
RT-RAIL-MF1.6-93,,RAIL,8,$9.41,"","",""
RT-RAIL-1.6SPLICE,,RAIL,8,$1.83,"1.6 Rail Splice (8 Pack)
Tamarack PN# 88375-BOX",1.6 Rail Splice (8 Pack) Tamarack PN# 88375-BOX,1 6 rail splice 8 pack tamarack pn 88375 box
RT-RAIL-MF-LFOOT,,RAIL,12,$2.18,"L Foot Mount Mill (12ea/Box)
Tamarack PN# 88443-BOX",L Foot Mount Mill (12ea/Box) Tamarack PN# 88443-BOX,l foot mount mill 12ea box tamarack pn 88443 box
RT-RAIL-1.6-ENDCAP,,RAIL,8,$0.45,"1.6 Rail End Cap (8 Pack)
Tamarack PN# 88382-BOX",1.6 Rail End Cap (8 Pack) Tamarack PN# 88382-BOX,1 6 rail end cap 8 pack tamarack pn 88382 box
RT-RAIL-5050CB,,RAIL,12,$2.95,"5050 Clamp Black 30mm-40mm (12 ea/Box)
Tamarack PN# 88450-BOX",5050 Clamp Black 30mm-40mm (12 ea/box) Tamarack PN# 88450-BOX,5050 clamp black 30mm 40mm 12 ea box tamarack pn 88450 box
RT-RAIL-CEC,,RAIL,8,$2.24,"Channel End Clamp (8ea/Box)
Tamarack PN# 88467-BOX",Channel End Clamp (8ea/Box) Tamarack PN# 88467-BOX,channel end clamp 8ea box tamarack pn 88467 box
RT-RAIL-MLC,,RAIL,24,$0.33,"Module Lead Clip (24 ea/Box)
Tamarack PN# 88474-BOX",Module Lead Clip (24 ea/box) Tamarack PN# 88474-BOX,module lead clip 24 ea box tamarack pn 88474 box
RT-RAIL-GLA,,RAIL,8,$2.54,"Ground Lug Assy (8 ea/Box)
Tamarack PN# 88504-BOX",Ground Lug assembly (8 ea/box) Tamarack PN# 88504-BOX,ground lug assembly 8 ea box tamarack pn 88504 box
RT4-00-PLUS-516ML,,PLUS,20,$4.21,"RT-PLUS 5/16 ML  (include 4ea. additional Alpha Seal pads.& 40 rafter screws)   ( 20ea./Box, 4 Box/Ctn     ,  Total 80 ea./Ctn)","RT-PLUS 5/16 ML (include 4ea. additional Alpha Seal pads.& 40 rafter screws) ( 20ea./Box, 4 Box/Ctn , Total 80 ea./Ctn)",rt plus 5 16 ml include 4ea additional alpha seal pads 40 rafter screws 20ea box 4 box ctn total 80 ea ctn
RT3-04-APEXCAPUV0.562,,APEX,100,$0.16,"Description:  S CAPS-0.562-0.500-0.060-701UV-89
BLACK (100pcs/Bag)",Description: S CAPS-0.562-0.500-0.060-701UV-89 BLACK (100pcs/Bag),description s caps 0 562 0 500 0 060 701uv 89 black 100pcs bag
RT4-00-PLUS-38ML,,PLUS,20,$4.21,"RT-PLUS 3/8 ML  (include 4ea. additional Alpha Seal pads.& 40 rafter screws)   ( 20ea./Box, 4 Box/Ctn     ,  Total 80 ea./Ctn)","RT-PLUS 3/8 ML (include 4ea. additional Alpha Seal pads.& 40 rafter screws) ( 20ea./Box, 4 Box/Ctn , Total 80 ea./Ctn)",rt plus 3 8 ml include 4ea additional alpha seal pads 40 rafter screws 20ea box 4 box ctn total 80 ea ctn
RT2-04-LFT4476-MIL-O-NS,,LFoot,20,$1.00,"Description: L-Foot without Serration, Slotted 3/8"""""""""""""""""""""""""""""""""""""""""""""""""""""""""""""""""""""""""""""""""""""""""""""""""""""""""""""""""""""""""""""""""""""""""""""""""""""""""""""""""""""""""""""""""""""""""""""""""""""""""""""""""""""""""""""""""""""""""""""""""""""""""""""""""""""""""""""""""""""""""""""""""""""""""""""""""""""""""""""""""""""""""""""""""""""""""""""""""""""""""""""""""""""""""""""""""""""""""""""""""""""""""""""""""""""""""""""""""""""""""""""""""""""""""""""""""""""""""""""""""""""""""""""""""""""""""""""""""""""""""""""""""""""""""""""""""""""""""""""""""""""""""""""""""""""""""""""""""""""""""""""""""""""""""""""""""""""""""""""""""""""""""""""""""""""""""""""""""""""""""""""""""""""""""""""""""""""""""""""""""""""""""""""""""""""""""""""""""""""""""""""""""""""""""""""""""""""""""""""""""""""""""""""""""""""""""""""""""""""""""""""""""""""""""""""""""""""""""""""""""""""""""""""""""""""""""""""""""""""""""""""""""""""""""""""""""""""""""""""""""""""""""""""""""""""""""""""""""""""""""""""""""""""""""""""""", Mill, Open Wide Slot (20pcs/Box)
","Description: L-Foot without Serration, Slotted 3/8"""""""""""""""""""""""""""""""""""""""""""""""""""""""""""""""""""""""""""""""""""""""""""""""""""""""""""""""""""""""""""""""""""""""""""""""""""""""""""""""""""""""""""""""""""""""""""""""""""""""""""""""""""""""""""""""""""""""""""""""""""""""""""""""""""""""""""""""""""""""""""""""""""""""""""""""""""""""""""""""""""""""""""""""""""""""""""""""""""""""""""""""""""""""""""""""""""""""""""""""""""""""""""""""""""""""""""""""""""""""""""""""""""""""""""""""""""""""""""""""""""""""""""""""""""""""""""""""""""""""""""""""""""""""""""""""""""""""""""""""""""""""""""""""""""""""""""""""""""""""""""""""""""""""""""""""""""""""""""""""""""""""""""""""""""""""""""""""""""""""""""""""""""""""""""""""""""""""""""""""""""""""""""""""""""""""""""""""""""""""""""""""""""""""""""""""""""""""""""""""""""""""""""""""""""""""""""""""""""""""""""""""""""""""""""""""""""""""""""""""""""""""""""""""""""""""""""""""""""""""""""""""""""""""""""""""""""""""""""""""""""""""""""""""""""""""""""""""""""""""""""""""""""""""""""""""", Mill, Open Wide Slot (20pcs/Box)",description l foot without serration slotted 3 8 mill open wide slot 20pcs box
RT2-04-LFT4476-BLK-O-NS,,LFoot,20,$1.20,"Description: L-Foot without Serration, Slotted 3/8"""""""""""""""""""""""""""""""""""""""""""""""""""""""""""""""""""""""""""""""""""""""""""""""""""""""""""""""""""""""""""""""""""""""""""""""""""""""""""""""""""""""""""""""""""""""""""""""""""""""""""""""""""""""""""""""""""""""""""""""""""""""""""""""""""""""""""""""""""""""""""""""""""""""""""""""""""""""""""""""""""""""""""""""""""""""""""""""""""""""""""""""""""""""""""""""""""""""""""""""""""""""""""""""""""""""""""""""""""""""""""""""""""""""""""""""""""""""""""""""""""""""""""""""""""""""""""""""""""""""""""""""""""""""""""""""""""""""""""""""""""""""""""""""""""""""""""""""""""""""""""""""""""""""""""""""""""""""""""""""""""""""""""""""""""""""""""""""""""""""""""""""""""""""""""""""""""""""""""""""""""""""""""""""""""""""""""""""""""""""""""""""""""""""""""""""""""""""""""""""""""""""""""""""""""""""""""""""""""""""""""""""""""""""""""""""""""""""""""""""""""""""""""""""""""""""""""""""""""""""""""""""""""""""""""""""""""""""""""""""""""""""""""""""""""""""""""""""""""""""""""""""""""""""""""""""", Black, Open Wide Slot (20pcs/Box)
","Description: L-Foot without Serration, Slotted 3/8"""""""""""""""""""""""""""""""""""""""""""""""""""""""""""""""""""""""""""""""""""""""""""""""""""""""""""""""""""""""""""""""""""""""""""""""""""""""""""""""""""""""""""""""""""""""""""""""""""""""""""""""""""""""""""""""""""""""""""""""""""""""""""""""""""""""""""""""""""""""""""""""""""""""""""""""""""""""""""""""""""""""""""""""""""""""""""""""""""""""""""""""""""""""""""""""""""""""""""""""""""""""""""""""""""""""""""""""""""""""""""""""""""""""""""""""""""""""""""""""""""""""""""""""""""""""""""""""""""""""""""""""""""""""""""""""""""""""""""""""""""""""""""""""""""""""""""""""""""""""""""""""""""""""""""""""""""""""""""""""""""""""""""""""""""""""""""""""""""""""""""""""""""""""""""""""""""""""""""""""""""""""""""""""""""""""""""""""""""""""""""""""""""""""""""""""""""""""""""""""""""""""""""""""""""""""""""""""""""""""""""""""""""""""""""""""""""""""""""""""""""""""""""""""""""""""""""""""""""""""""""""""""""""""""""""""""""""""""""""""""""""""""""""""""""""""""""""""""""""""""""""""""""""""""""""""", Black, Open Wide Slot (20pcs/Box)",description l foot without serration slotted 3 8 black open wide slot 20pcs box
RT4-00-PLUS-516BK,,PLUS,20,$4.51,"RT-PLUS 5/16 BK  (include 4ea. additional Alpha Seal pads.& 40 rafter screws)   ( 20ea./Box, 4 Box/Ctn     ,  Total 80 ea./Ctn)","RT-PLUS 5/16 BK (include 4ea. additional Alpha Seal pads.& 40 rafter screws) ( 20ea./Box, 4 Box/Ctn , Total 80 ea./Ctn)",rt plus 5 16 bk include 4ea additional alpha seal pads 40 rafter screws 20ea box 4 box ctn total 80 ea ctn
RT2-04-C-MOUNT Conduit,,C-MOUNT,20,$3.08,"","",""
RT2-00MINIBK2-FSET,,MINI,20,$4.51,"","",""
P-100,,Unknown,0,$0.00,"","",""
14X18,,Unknown,0,$0.00,"","",""
RT2,,Unknown,0,$0.00,"","",""
RT4-00-PLUS-38BK,,PLUS,20,$4.51,"RT-PLUS 3/8 BK  (include 4ea. additional Alpha Seal pads.& 40 rafter screws)   ( 20ea./Box, 4 Box/Ctn     ,  Total 80 ea./Ctn)","RT-PLUS 3/8 BK (include 4ea. additional Alpha Seal pads.& 40 rafter screws) ( 20ea./Box, 4 Box/Ctn , Total 80 ea./Ctn)",rt plus 3 8 bk include 4ea additional alpha seal pads 40 rafter screws 20ea box 4 box ctn total 80 ea ctn
RT2-04-FRSHIMSL,,E-Mount,20,$0.00,"","",""
RT-RAIL-MF1.6-93-US,,RAIL,144,$13.39,"1.6 Rail Mill Finish 93-inch (Box of 8)
Tamarack PN# 90569",1.6 Rail Mill Finish 93-inch (Box of 8) Tamarack PN# 90569,1 6 rail mill finish 93 inch box of 8 tamarack pn 90569
RT-RAIL-MLPE,,RAIL,12,$2.48,"MLPE Mount (12 ea/Box)
Tamarack PN# 88481-BOX",MLPE Mount (12 ea/box) Tamarack PN# 88481-BOX,mlpe mount 12 ea box tamarack pn 88481 box
RT-RAIL-MF2.3-93-US,,RAIL,144,$16.66,2.3 Rail Mill Finish 93-inch length (Box of 8),2.3 Rail Mill Finish 93-inch length (Box of 8),2 3 rail mill finish 93 inch length box of 8
RT-RAIL-BF-LFOOT,,RAIL,12,$2.90,"L Foot Mount Black (12 Pack)
",L Foot Mount Black (12 Pack),l foot mount black 12 pack
RT-RAIL-2.3-ENDCAP,,RAIL,8,0.63,2.3 Rail End Cap (8 ea/Box),2.3 Rail End Cap (8 ea/box),2 3 rail end cap 8 ea box
RT-RAIL-2.3SPLICE,,RAIL,8,2.44,2.3 Rail Splice (8ea/Box),2.3 Rail Splice (8ea/Box),2 3 rail splice 8ea box
RT-RAIL-MA5.16ML,,RAIL,12,2.07,Mount Adapter 5-16 Mill  (12 ea),Mount Adapter 5-16 Mill (12 ea),mount adapter 5 16 mill 12 ea
P-50,,"",,"","","",""
RT-00-MINIBK2-FSET,,MINI,20,$4.51,"MINI II base, (20ea;40 screw), 5ea.  additional RT-Butyl pads. (20 ea./ Box),RT-FBN25 Bolt & Nut(20ea./bag)","MINI II base, (20ea;40 screw), 5ea. additional RT-Butyl pads. (20 ea/box),RT-FBN25 Bolt & Nut(20ea./bag)",mini ii base 20ea 40 screw 5ea additional rt butyl pads 20 ea box rt fbn25 bolt nut 20ea bag
"",,"",,"","","",""
"",,"",,"","","",""
"",,"",,"","","",""
,,,,,,,
RT-RT2-00-MINIBK2-FSET,,,,,,,
